year,agency_code,subgroup,ach_score,eg_status,eg_score,spg_score,spg_grade
2025,00A000,ALL,48.9,NotMet,57,51,D
2025,00A000,BL7,41.9,Met,74.7,48,D
2025,00A000,EDS,42.2,NotMet,58.2,45,D
2025,00B000,ALL,47.7,NotMet,50.8,48,D
2025,00B000,BL7,39.4,NotMet,66.8,45,D
2025,00B000,EDS,41.2,NotMet,51.8,43,D
2025,010303,ALL,96.8,Exceeded,92.8,96,A
2025,010303,EDS,98.1,Exceeded,90.2,97,A
2025,010304,ALL,55,Met,76.9,59,C
2025,010304,BL7,32.4,,,32,F
2025,010304,EDS,44.7,Met,71.4,50,D
2025,010308,ALL,57.6,NotMet,54.9,57,C
2025,010308,BL7,39.1,NotMet,58.8,43,D
2025,010308,EDS,47.4,NotMet,60.2,50,D
2025,010310,ALL,31.4,NotMet,59.6,37,F
2025,010310,BL7,29.9,NotMet,64.7,37,F
2025,010310,EDS,29.2,NotMet,62.6,36,F
2025,010312,ALL,54.7,Met,70.8,58,C
2025,010312,BL7,31.5,NotMet,62.6,38,F
2025,010312,EDS,42.3,NotMet,67.8,47,D
2025,010320,ALL,60.6,Met,74.3,63,C
2025,010320,EDS,36.3,NotMet,64.8,42,D
2025,010324,ALL,59.6,Met,84.9,65,C
2025,010324,BL7,52.6,Met,82.2,59,C
2025,010324,EDS,51.8,Met,83.1,58,C
2025,010326,ALL,28.8,Met,71.4,37,F
2025,010326,BL7,20.5,NotMet,69.8,30,F
2025,010326,EDS,25.5,Met,73.7,35,F
2025,010328,ALL,59.7,NotMet,64.3,61,C
2025,010328,EDS,48.9,Met,72.8,54,D
2025,010340,ALL,56.3,NotMet,56,56,C
2025,010340,BL7,41.8,NotMet,61,46,D
2025,010340,EDS,42.2,NotMet,57.8,45,D
2025,010346,ALL,37.4,NotMet,63.6,43,D
2025,010346,EDS,29.9,NotMet,65.6,37,F
2025,010347,ALL,64.8,NotMet,67.7,65,C
2025,010347,BL7,59.7,Met,74.5,63,C
2025,010347,EDS,51.9,NotMet,64.4,54,D
2025,010348,ALL,45.9,NotMet,59.2,49,D
2025,010348,BL7,38.5,NotMet,65.4,44,D
2025,010348,EDS,42.7,NotMet,60,46,D
2025,010350,ALL,19.5,NotMet,58.6,27,F
2025,010350,BL7,15.9,NotMet,62.5,25,F
2025,010350,EDS,19.7,NotMet,59.9,28,F
2025,010351,ALL,35.7,NotMet,59.9,41,D
2025,010351,BL7,26.9,NotMet,65.9,35,F
2025,010351,EDS,33.2,NotMet,59.8,39,F
2025,010353,ALL,63.9,Exceeded,100,71,B
2025,010353,BL7,59,Exceeded,90.7,65,C
2025,010353,EDS,53.6,Exceeded,94.3,62,C
2025,010354,ALL,30,NotMet,55.3,35,F
2025,010354,BL7,10.8,NotMet,59.8,21,F
2025,010354,EDS,28.5,NotMet,56.5,34,F
2025,010357,ALL,32.7,NotMet,58.9,38,F
2025,010357,BL7,29.6,NotMet,62,36,F
2025,010357,EDS,32.5,NotMet,62.3,38,F
2025,010358,ALL,36.9,NotMet,57.1,41,D
2025,010358,BL7,32,NotMet,59.1,37,F
2025,010358,EDS,32.4,NotMet,57.2,37,F
2025,010360,ALL,41,NotMet,62.8,45,D
2025,010360,BL7,41.2,NotMet,69.2,47,D
2025,010360,EDS,40.8,NotMet,67.9,46,D
2025,010362,ALL,68.8,Exceeded,85,72,B
2025,010362,BL7,53.8,Met,82.9,60,C
2025,010362,EDS,52.9,Met,84.1,59,C
2025,010364,ALL,21.5,NotMet,53.3,28,F
2025,010364,BL7,17.6,NotMet,62.1,27,F
2025,010364,EDS,16.8,NotMet,53.6,24,F
2025,010372,ALL,32.7,NotMet,54.8,37,F
2025,010372,BL7,21.3,NotMet,59.3,29,F
2025,010372,EDS,25.9,NotMet,55.1,32,F
2025,010374,ALL,38.1,NotMet,53.8,41,D
2025,010374,BL7,22.3,NotMet,59.6,30,F
2025,010374,EDS,35.3,NotMet,54.6,39,F
2025,010380,ALL,43.3,NotMet,63.7,47,D
2025,010380,BL7,40.3,Met,81.4,49,D
2025,010380,EDS,39.2,NotMet,68.1,45,D
2025,010384,ALL,55.3,NotMet,60.5,56,C
2025,010384,BL7,36,NotMet,63.2,41,D
2025,010384,EDS,40.6,NotMet,59.3,44,D
2025,010388,ALL,57.8,NotMet,66.6,60,C
2025,010388,BL7,42.4,Met,81.6,50,D
2025,010388,EDS,45.1,NotMet,66.9,49,D
2025,010390,ALL,41.1,NotMet,51.1,43,D
2025,010390,BL7,34.8,NotMet,66.3,41,D
2025,010390,EDS,29.9,NotMet,54.5,35,F
2025,010392,ALL,39.5,NotMet,63.6,44,D
2025,010392,EDS,30.1,NotMet,62.4,37,F
2025,010394,ALL,35.2,NotMet,53,39,F
2025,010394,BL7,19.1,NotMet,58.3,27,F
2025,010394,EDS,24.3,NotMet,52.6,30,F
2025,010396,ALL,56.8,NotMet,63.6,58,C
2025,010396,BL7,47.6,NotMet,67.1,52,D
2025,010396,EDS,49.2,NotMet,67.1,53,D
2025,010400,ALL,65.3,Met,83.9,69,C
2025,010400,BL7,46.6,Met,80.5,53,D
2025,010400,EDS,54.1,Met,82.6,60,C
2025,010403,ALL,44.5,NotMet,50,46,D
2025,010403,BL7,26.6,NotMet,62.3,34,F
2025,010403,EDS,33.3,NotMet,52.4,37,F
2025,010406,ALL,40.4,NotMet,55.8,43,D
2025,010406,BL7,29.5,NotMet,60.4,36,F
2025,010406,EDS,31.3,NotMet,60.1,37,F
2025,010410,ALL,62.1,NotMet,61.5,62,C
2025,010410,BL7,58,Met,79.1,62,C
2025,010410,EDS,54.5,NotMet,66.8,57,C
2025,010450,ALL,45.7,NotMet,64,49,D
2025,010450,BL7,22.4,,,22,F
2025,010450,EDS,32.8,Met,70.5,40,D
2025,01B000,ALL,73.7,Met,77.1,74,B
2025,01B000,BL7,75.6,Met,83,77,B
2025,01B000,EDS,66.6,Met,82.6,70,B
2025,01C000,ALL,58,NotMet,58.7,58,C
2025,01C000,BL7,47.3,,,47,D
2025,01C000,EDS,41.6,NotMet,59.6,45,D
2025,01D000,ALL,69,Met,82.3,72,B
2025,01D000,EDS,53.5,Met,79.6,59,C
2025,01F000,ALL,45.5,Met,83.1,53,D
2025,01F000,BL7,37.4,Met,84,47,D
2025,01F000,EDS,36.2,Met,81,45,D
2025,020302,ALL,63.4,NotMet,64.2,64,C
2025,020302,EDS,53.2,NotMet,65.9,56,C
2025,020303,ALL,84.7,Exceeded,85.7,85,A
2025,020304,ALL,67.2,Met,77.4,69,C
2025,020304,EDS,55.9,Met,81.2,61,C
2025,020306,ALL,55,Met,71.2,58,C
2025,020306,EDS,48.9,Met,75.3,54,D
2025,020308,ALL,51.7,Met,77.3,57,C
2025,020308,EDS,47.6,Met,78.9,54,D
2025,020316,ALL,50.7,Met,75.8,56,C
2025,020316,EDS,51.8,Met,77.2,57,C
2025,020320,ALL,56.6,Met,71.9,60,C
2025,020320,EDS,47.1,Met,72.8,52,D
2025,020324,ALL,51.3,NotMet,66.5,54,D
2025,020324,EDS,38.5,Met,71.7,45,D
2025,020328,ALL,55,NotMet,59.4,56,C
2025,020328,EDS,54.3,NotMet,64,56,C
2025,020330,ALL,69.3,Exceeded,86.2,73,B
2025,020330,EDS,58.7,Exceeded,85.3,64,C
2025,020332,ALL,51.3,Met,82.8,58,C
2025,020332,EDS,42.9,Met,83.4,51,D
2025,030304,ALL,67.1,Exceeded,87.6,71,B
2025,030304,EDS,61.1,Exceeded,85.5,66,C
2025,030308,ALL,45,Met,76.3,51,D
2025,030308,EDS,42,Met,77.6,49,D
2025,030316,ALL,61.6,Exceeded,87.8,67,C
2025,030316,EDS,54.6,Exceeded,87.4,61,C
2025,030320,ALL,41.6,NotMet,56.6,45,D
2025,030320,EDS,39.3,NotMet,58.3,43,D
2025,040304,ALL,75.8,Exceeded,91.5,79,B
2025,040304,BL7,63.4,Exceeded,87.5,68,C
2025,040304,EDS,72.5,Exceeded,90.3,76,B
2025,040306,ALL,47.6,Met,84.7,55,C
2025,040306,BL7,44.6,Met,84.2,53,D
2025,040306,EDS,46,Met,84.8,54,D
2025,040308,ALL,52.7,Met,72.1,57,C
2025,040308,BL7,36.6,NotMet,69.3,43,D
2025,040308,EDS,43.9,Met,70.1,49,D
2025,040309,ALL,32.8,NotMet,55.6,37,F
2025,040309,BL7,25.4,NotMet,66.2,34,F
2025,040309,EDS,30.3,NotMet,59.7,36,F
2025,040311,ALL,36.8,Met,73,44,D
2025,040311,BL7,28.8,Met,71.1,37,F
2025,040311,EDS,31.7,Met,70.7,40,D
2025,040316,ALL,48.8,Met,81.2,55,C
2025,040316,BL7,41.9,Met,78.6,49,D
2025,040316,EDS,45.3,Met,81.3,53,D
2025,040324,ALL,32.5,Met,83.7,43,D
2025,040324,BL7,27.7,Met,81.9,39,F
2025,040324,EDS,33.7,Met,83,44,D
2025,040328,ALL,55.3,NotMet,60.6,56,C
2025,040328,BL7,43.1,NotMet,66.5,48,D
2025,040328,EDS,47.1,NotMet,64.7,51,D
2025,040330,ALL,30.6,Met,76.5,40,D
2025,040330,BL7,26.7,Met,76.1,37,F
2025,040330,EDS,30.4,Met,75.3,39,F
2025,050302,ALL,65.4,NotMet,51.8,63,C
2025,050302,EDS,57.4,NotMet,55.9,57,C
2025,050303,ALL,90.6,NotMet,66.8,86,A
2025,050305,ALL,69.7,NotMet,67.9,69,C
2025,050305,EDS,61.5,Met,70.9,63,C
2025,050310,ALL,57.4,Met,82,62,C
2025,050310,EDS,52.2,Met,81.3,58,C
2025,050330,ALL,61.1,Met,70.6,63,C
2025,050330,EDS,53.8,NotMet,69.4,57,C
2025,050335,ALL,63.4,Exceeded,85,68,C
2025,050335,EDS,50.3,Met,84.4,57,C
2025,060302,ALL,61.1,NotMet,52,59,C
2025,060302,EDS,53.4,NotMet,55.4,54,D
2025,060304,ALL,81.9,Met,70.8,80,B
2025,060310,ALL,63.8,NotMet,60,63,C
2025,060310,EDS,56.5,Met,71.3,59,C
2025,060316,ALL,56.6,Met,81.1,62,C
2025,060316,EDS,45,Met,80.4,52,D
2025,060318,ALL,34.4,NotMet,53.1,38,F
2025,060318,EDS,30.8,NotMet,56.9,36,F
2025,060322,ALL,64.7,Met,74.4,67,C
2025,060322,EDS,60.2,Met,75.1,63,C
2025,060328,ALL,44.6,Met,81.7,52,D
2025,060328,EDS,36.1,Met,80.8,45,D
2025,060332,ALL,44.4,Met,76.7,51,D
2025,06B000,ALL,46.2,Met,82.3,53,D
2025,06B000,EDS,40.7,,,41,D
2025,070302,ALL,,,,54,D
2025,070302,BL7,,,,39,F
2025,070302,EDS,,,,49,D
2025,070308,ALL,75.4,Met,77.6,76,B
2025,070308,EDS,65.2,Met,74.3,67,C
2025,070311,ALL,90.8,Exceeded,91.9,91,A
2025,070311,EDS,91,Exceeded,90.1,91,A
2025,070325,ALL,60.1,NotMet,58.5,60,C
2025,070325,BL7,49.1,NotMet,60.9,51,D
2025,070325,EDS,58.1,NotMet,62.3,59,C
2025,070326,ALL,87.1,Met,82.3,86,A
2025,070326,BL7,79.2,Met,80.5,79,B
2025,070326,EDS,84.1,Met,83.8,84,B
2025,070327,ALL,50.6,NotMet,68.7,54,D
2025,070327,BL7,32.6,NotMet,65.5,39,F
2025,070327,EDS,44,NotMet,67,49,D
2025,070328,ALL,41.4,NotMet,69.4,47,D
2025,070328,BL7,24.2,NotMet,63.8,32,F
2025,070328,EDS,35,NotMet,65.6,41,D
2025,070329,ALL,55.4,Met,82.4,61,C
2025,070329,BL7,31,Met,77.9,40,D
2025,070329,EDS,47.2,Met,80.9,54,D
2025,070330,ALL,64.6,Met,82.1,68,C
2025,070330,EDS,52.8,Met,75.6,57,C
2025,070338,ALL,42.9,NotMet,68.2,48,D
2025,070338,BL7,28.8,Met,73.5,38,F
2025,070338,EDS,33.4,NotMet,69.6,41,D
2025,070339,ALL,58.3,Met,73.2,61,C
2025,070339,BL7,53.1,NotMet,68.8,56,C
2025,070339,EDS,53.7,Met,76.2,58,C
2025,070340,ALL,47.4,Exceeded,86.1,55,C
2025,070340,BL7,40,Met,82.9,49,D
2025,070340,EDS,45.2,Met,84,53,D
2025,070342,ALL,63,NotMet,58.3,62,C
2025,070342,BL7,52.3,NotMet,62.3,54,D
2025,070342,EDS,57.9,NotMet,60.7,58,C
2025,07A000,ALL,60.4,Met,80.3,64,C
2025,07A000,EDS,45.9,Met,74.1,52,D
2025,080311,ALL,92.4,Met,83.8,91,A
2025,080312,ALL,55.2,Met,78.2,60,C
2025,080312,BL7,52.8,Met,78.1,58,C
2025,080312,EDS,51.9,Met,76.4,57,C
2025,080314,ALL,44.1,Exceeded,87.1,53,D
2025,080314,BL7,42,Exceeded,86.2,51,D
2025,080314,EDS,39.5,Exceeded,85.3,49,D
2025,080356,ALL,47.8,NotMet,68.9,52,D
2025,080356,BL7,45.7,NotMet,66.8,50,D
2025,080356,EDS,44.5,NotMet,68.3,49,D
2025,080360,ALL,49.1,Met,71.3,54,D
2025,080360,BL7,50.8,Met,73.9,55,C
2025,080360,EDS,45.5,Met,72.2,51,D
2025,080362,ALL,49.5,Exceeded,85.2,57,C
2025,080362,BL7,49.8,Exceeded,85.8,57,C
2025,080362,EDS,46.7,Exceeded,86.1,55,C
2025,090315,ALL,35.7,Met,77,44,D
2025,090315,BL7,24.4,Met,80.6,36,F
2025,090315,EDS,31.9,Met,76.6,41,D
2025,090317,ALL,42.9,Met,80.7,50,D
2025,090317,BL7,31.5,Met,77.9,41,D
2025,090317,EDS,35.9,Met,81.4,45,D
2025,090318,ALL,42.6,Met,78.3,50,D
2025,090318,EDS,39,Met,77.8,47,D
2025,090320,ALL,50.7,Met,81.5,57,C
2025,090320,BL7,35,Met,77.4,43,D
2025,090320,EDS,45.8,Met,82.4,53,D
2025,090324,ALL,46.7,Met,72.1,52,D
2025,090324,EDS,41,Met,71.5,47,D
2025,090328,ALL,27,Met,81.2,38,F
2025,090328,EDS,29.7,Met,82,40,D
2025,090330,ALL,49.7,NotMet,57.3,51,D
2025,090330,BL7,41.5,NotMet,60.1,45,D
2025,090330,EDS,43.9,NotMet,58.7,47,D
2025,090332,ALL,29.1,Exceeded,85.1,40,D
2025,090332,BL7,27.6,Met,84.1,39,F
2025,090332,EDS,26.9,Met,84.8,38,F
2025,090333,ALL,36.6,Met,75.3,44,D
2025,090333,BL7,37.5,Met,75.6,45,D
2025,090333,EDS,32.4,Met,71.9,40,D
2025,090365,ALL,37.5,NotMet,59,42,D
2025,090365,BL7,29.4,Met,70.6,38,F
2025,090365,EDS,33.3,NotMet,59.1,38,F
2025,090368,ALL,57.2,NotMet,63.5,58,C
2025,090368,BL7,42.5,NotMet,63.3,47,D
2025,090368,EDS,51.2,Met,70.3,55,C
2025,090376,ALL,70.5,Met,81.6,73,B
2025,09A000,ALL,63.3,Exceeded,91,69,C
2025,09A000,BL7,48.5,,,49,D
2025,09A000,EDS,59,Exceeded,87,65,C
2025,09B000,ALL,54.1,Met,78.2,59,C
2025,09B000,BL7,41.5,Met,80.6,49,D
2025,09B000,EDS,44.6,Met,80,52,D
2025,100302,ALL,62.4,NotMet,67.1,63,C
2025,100302,BL7,34.5,Met,70.9,42,D
2025,100302,EDS,48.2,NotMet,63,51,D
2025,100304,ALL,49.5,NotMet,59.6,52,D
2025,100304,EDS,43.4,NotMet,61.7,47,D
2025,100307,ALL,91.9,Met,82.8,90,A
2025,100307,EDS,89.2,Met,80.4,87,A
2025,100309,ALL,47.3,NotMet,59.1,50,D
2025,100309,BL7,39.7,Met,79.3,48,D
2025,100309,EDS,41,NotMet,60,45,D
2025,100310,ALL,57.7,Met,77.5,62,C
2025,100310,EDS,51.5,Met,78.5,57,C
2025,100316,ALL,45.5,NotMet,55.2,47,D
2025,100316,BL7,32.2,NotMet,59.3,38,F
2025,100316,EDS,33.9,NotMet,56.4,38,F
2025,100320,ALL,48.5,NotMet,65.6,52,D
2025,100320,BL7,41.8,NotMet,69.5,47,D
2025,100320,EDS,44.8,Met,75.4,51,D
2025,100326,ALL,61.5,Met,71.3,63,C
2025,100326,BL7,51.2,NotMet,66.5,54,D
2025,100326,EDS,51.6,Met,70.2,55,C
2025,100332,ALL,59.7,NotMet,63.1,60,C
2025,100332,BL7,29.5,NotMet,65.1,37,F
2025,100332,EDS,50.1,NotMet,69.1,54,D
2025,100334,ALL,64,NotMet,59.4,63,C
2025,100334,BL7,70.9,NotMet,67,70,B
2025,100334,EDS,55.9,NotMet,61.2,57,C
2025,100335,ALL,56.4,Met,80.4,61,C
2025,100335,BL7,32.6,NotMet,69.4,40,D
2025,100335,EDS,43.7,Met,75.2,50,D
2025,100336,ALL,60.4,Met,73,63,C
2025,100336,EDS,50,Met,72.2,54,D
2025,100338,ALL,46.4,NotMet,57.2,49,D
2025,100338,BL7,36.6,NotMet,59.9,41,D
2025,100338,EDS,44.3,NotMet,58,47,D
2025,100339,ALL,70.2,Exceeded,89.1,74,B
2025,100339,BL7,68.9,Exceeded,85.8,72,B
2025,100339,EDS,61.2,Exceeded,86.3,66,C
2025,100340,ALL,73.5,Exceeded,87.8,76,B
2025,100340,BL7,50,Met,83.5,57,C
2025,100340,EDS,63.7,Met,84.3,68,C
2025,100341,ALL,59.1,NotMet,59.7,59,C
2025,100341,BL7,56.2,Met,81.2,61,C
2025,100341,EDS,46.3,Met,73.9,52,D
2025,100342,ALL,58.9,NotMet,61.4,59,C
2025,100342,BL7,60,Met,73.4,63,C
2025,100342,EDS,51.2,NotMet,68.8,55,C
2025,100344,ALL,63.6,Met,84,68,C
2025,100344,BL7,42.2,,,42,D
2025,100344,EDS,61,Met,83.7,66,C
2025,100348,ALL,62.2,NotMet,58.9,62,C
2025,100348,BL7,49.3,NotMet,63.7,52,D
2025,100348,EDS,57.6,NotMet,58.6,58,C
2025,10A000,ALL,66.8,Exceeded,85.1,70,B
2025,10A000,BL7,52.5,Met,80.6,58,C
2025,10A000,EDS,56.9,Met,79.4,61,C
2025,10B000,ALL,74.4,Exceeded,85,77,B
2025,10B000,EDS,65.3,Met,84.8,69,C
2025,110304,ALL,71.5,Exceeded,87.5,75,B
2025,110304,BL7,53.7,Met,82.6,59,C
2025,110304,EDS,57.2,Met,79.3,62,C
2025,110306,ALL,51.2,NotMet,69.3,55,C
2025,110306,BL7,14.4,Met,70.4,26,F
2025,110306,EDS,38.5,Met,71.6,45,D
2025,110308,ALL,73.9,Met,84,76,B
2025,110318,ALL,57.7,NotMet,65.8,59,C
2025,110318,EDS,45.4,NotMet,63.8,49,D
2025,110320,ALL,50.5,Met,81.8,57,C
2025,110320,EDS,32.6,Met,79.1,42,D
2025,110322,ALL,86.2,Exceeded,90,87,A
2025,110322,EDS,84,Exceeded,86.3,84,B
2025,110323,ALL,95.7,,,96,A
2025,110324,ALL,61.5,Exceeded,89.5,67,C
2025,110324,EDS,54.5,Exceeded,87.3,61,C
2025,110326,ALL,72,Exceeded,87.9,75,B
2025,110326,EDS,54.2,Exceeded,87.4,61,C
2025,110332,ALL,64.5,Met,81.7,68,C
2025,110332,EDS,52.5,Met,77.7,58,C
2025,110336,ALL,67.1,Met,82.8,70,B
2025,110336,EDS,58.1,Met,75.8,62,C
2025,110338,ALL,42.2,NotMet,66.2,47,D
2025,110338,EDS,31.8,Met,71.2,40,D
2025,110340,ALL,54.9,NotMet,55,55,C
2025,110340,BL7,12.5,Met,75.5,25,F
2025,110340,EDS,50.5,NotMet,57,52,D
2025,110342,ALL,36,NotMet,60.8,41,D
2025,110342,BL7,13.5,Met,73.2,25,F
2025,110342,EDS,31.4,NotMet,64,38,F
2025,110348,ALL,40.5,Exceeded,89.8,50,D
2025,110348,EDS,34.8,Exceeded,88.4,46,D
2025,110352,ALL,62.7,Met,77.4,66,C
2025,110352,EDS,55.8,NotMet,68,58,C
2025,110356,ALL,74.4,Met,78.5,75,B
2025,110356,EDS,66.6,Met,73.6,68,C
2025,110366,ALL,70.7,Met,70.1,71,B
2025,110366,EDS,55.1,Met,71.6,58,C
2025,110368,ALL,65.6,Exceeded,87.3,70,B
2025,110368,EDS,42.9,Met,83.3,51,D
2025,110370,ALL,60.2,Met,83.1,65,C
2025,110370,EDS,45.7,Met,84.6,53,D
2025,110372,ALL,30.5,Met,80.7,41,D
2025,110372,EDS,31.1,Met,80.6,41,D
2025,110376,ALL,51.3,Exceeded,95.2,60,C
2025,110376,EDS,41.9,Exceeded,91.6,52,D
2025,110379,ALL,64.3,Exceeded,90.8,70,B
2025,110379,EDS,51.8,Exceeded,86.8,59,C
2025,110380,ALL,75.4,NotMet,64,73,B
2025,110380,EDS,68.8,NotMet,66.6,68,C
2025,110381,ALL,65.5,Met,74.8,67,C
2025,110381,EDS,46.6,Met,80.8,53,D
2025,110382,ALL,64.9,NotMet,59.7,64,C
2025,110382,EDS,51.2,NotMet,66.8,54,D
2025,110384,ALL,38.6,Met,84.7,48,D
2025,110384,BL7,11.2,Met,84.2,26,F
2025,110384,EDS,25.8,Met,83.2,37,F
2025,110388,ALL,59.5,Met,82.9,64,C
2025,110388,EDS,53.9,Met,84.2,60,C
2025,110401,ALL,41.4,NotMet,59.2,45,D
2025,110401,EDS,33.5,NotMet,66.1,40,D
2025,110408,ALL,48.4,Exceeded,87,56,C
2025,110408,EDS,41.7,Exceeded,86.1,51,D
2025,110410,ALL,50.7,Exceeded,86.1,58,C
2025,110410,EDS,38.8,Met,83.9,48,D
2025,110412,ALL,40.9,Met,81.1,49,D
2025,110412,EDS,33.6,Met,79.8,43,D
2025,110416,ALL,71.1,Met,83.3,74,B
2025,110416,BL7,52.3,Met,74.3,57,C
2025,110416,EDS,61.8,Met,77.9,65,C
2025,110420,ALL,59.1,Exceeded,100,67,C
2025,110420,BL7,31,Exceeded,86.9,42,D
2025,110420,EDS,46.3,Exceeded,96,56,C
2025,110422,ALL,57.1,Met,82.6,62,C
2025,110422,BL7,26.7,Met,80.9,38,F
2025,110422,EDS,47.6,Met,75.7,53,D
2025,110425,ALL,52.9,NotMet,57.9,54,D
2025,110425,EDS,42.9,NotMet,59.9,46,D
2025,110428,ALL,72.3,Exceeded,90.5,76,B
2025,110428,EDS,58.6,Exceeded,85.7,64,C
2025,110432,ALL,,,,76,B
2025,110432,EDS,,,,64,C
2025,110436,ALL,72.6,Exceeded,90.8,76,B
2025,110436,EDS,67,Exceeded,88.3,71,B
2025,110444,ALL,28.9,Met,70.9,37,F
2025,110450,ALL,53.4,NotMet,60.7,55,C
2025,110450,BL7,20.6,Met,71.7,31,F
2025,110450,EDS,37.5,NotMet,59.6,42,D
2025,110451,ALL,40.3,NotMet,52.6,43,D
2025,110451,BL7,18.8,NotMet,63.2,28,F
2025,110451,EDS,36.9,NotMet,56.7,41,D
2025,110475,ALL,59.2,NotMet,60.9,60,C
2025,110475,EDS,50.3,NotMet,67.4,54,D
2025,110500,ALL,98,Met,83.3,95,A
2025,111302,ALL,71.9,Met,83.5,74,B
2025,111302,BL7,44,Met,73,50,D
2025,111302,EDS,55.5,Met,72.1,59,C
2025,111304,ALL,51.3,Met,77.1,56,C
2025,111304,EDS,30.9,Met,73.1,39,F
2025,111306,ALL,66,NotMet,57.5,64,C
2025,111306,EDS,36.5,NotMet,58.9,41,D
2025,111312,ALL,67,NotMet,66.8,67,C
2025,111312,BL7,19.1,NotMet,67,29,F
2025,111312,EDS,43,NotMet,67.2,48,D
2025,111332,ALL,51.7,Met,74.6,56,C
2025,111332,BL7,15.9,NotMet,67.5,26,F
2025,111332,EDS,36.3,NotMet,63.6,42,D
2025,111356,ALL,54.2,NotMet,58.5,55,C
2025,111356,BL7,11,NotMet,59.1,21,F
2025,111356,EDS,28.5,NotMet,57.6,34,F
2025,111360,ALL,68.6,Met,72.1,69,C
2025,111360,EDS,49.2,Met,73,54,D
2025,111700,ALL,83.5,Met,82.2,83,B
2025,111700,BL7,45.7,Met,74.3,51,D
2025,111700,EDS,75,Met,81,76,B
2025,11A000,ALL,66.4,Met,80.5,69,C
2025,11A000,EDS,59.1,Met,76.8,63,C
2025,11B000,ALL,64.6,Exceeded,87.1,69,C
2025,11B000,EDS,59,Met,82,64,C
2025,11C000,ALL,54.6,NotMet,60,56,C
2025,11C000,EDS,36.9,NotMet,67.7,43,D
2025,11D000,ALL,62.2,NotMet,52,60,C
2025,11D000,EDS,46.4,NotMet,57.1,49,D
2025,11F000,ALL,50,Exceeded,87.3,57,C
2025,11F000,BL7,40.7,Exceeded,86.1,50,D
2025,11F000,EDS,46.3,Exceeded,86.2,54,D
2025,11K000,ALL,56.6,NotMet,64.2,58,C
2025,11K000,EDS,39.5,Met,78.1,47,D
2025,11L000,ALL,47.9,Met,74.3,53,D
2025,120300,ALL,54.4,,,54,D
2025,120300,EDS,36.9,,,37,F
2025,120310,ALL,90.9,,,93,A
2025,120312,ALL,58,NotMet,61.9,59,C
2025,120312,EDS,50,NotMet,68.8,54,D
2025,120314,ALL,69.4,NotMet,53.3,66,C
2025,120314,EDS,62.9,NotMet,56.2,62,C
2025,120315,ALL,52.6,NotMet,65.8,55,C
2025,120315,EDS,48.8,NotMet,67.5,53,D
2025,120316,ALL,45.7,Met,73.8,51,D
2025,120316,EDS,40.7,Met,77.6,48,D
2025,120318,ALL,58.7,NotMet,63,60,C
2025,120318,BL7,34.5,Met,72.1,42,D
2025,120318,EDS,51.9,NotMet,59.5,53,D
2025,120320,ALL,70.2,Exceeded,86.9,74,B
2025,120320,EDS,64.7,Met,84.8,69,C
2025,120324,ALL,63.7,Met,81.5,67,C
2025,120324,EDS,58,Met,82.4,63,C
2025,120334,ALL,61.5,NotMet,60.3,61,C
2025,120334,EDS,52.5,NotMet,62.3,54,D
2025,120338,ALL,56.6,Met,84.1,62,C
2025,120338,EDS,48.6,Met,82.8,55,C
2025,120340,ALL,48.4,Met,71.4,53,D
2025,120340,EDS,46.3,Met,71.7,51,D
2025,120344,ALL,59.3,NotMet,67.9,61,C
2025,120344,EDS,57.7,Met,78.7,62,C
2025,120346,ALL,70,NotMet,68.4,70,B
2025,120346,EDS,62.5,NotMet,69.9,64,C
2025,120350,ALL,59.8,NotMet,58.7,60,C
2025,120350,EDS,51.8,NotMet,58.6,53,D
2025,120354,ALL,47.4,Met,74.7,53,D
2025,120354,EDS,42.5,Met,77.4,49,D
2025,120360,ALL,63.8,Met,78.6,67,C
2025,120360,EDS,56.1,Met,79.7,61,C
2025,120364,ALL,46.5,Met,72.3,52,D
2025,120364,EDS,41.5,Met,75.2,48,D
2025,120368,ALL,64.9,Met,72.2,66,C
2025,120368,EDS,63.4,Met,73.6,65,C
2025,120370,ALL,70.9,Met,81.5,73,B
2025,120370,EDS,62.2,Met,82.4,66,C
2025,120374,ALL,65.7,NotMet,63.5,65,C
2025,120374,EDS,54.7,NotMet,63.7,57,C
2025,120376,ALL,51.8,NotMet,53.2,52,D
2025,120376,BL7,39.4,Met,73.7,46,D
2025,120376,EDS,41.9,NotMet,54.1,44,D
2025,120380,ALL,59.6,Met,73.1,62,C
2025,120380,EDS,50.4,Met,72.6,55,C
2025,120386,ALL,48.4,NotMet,57,50,D
2025,120386,EDS,43.7,NotMet,58.7,47,D
2025,120390,ALL,39.5,Exceeded,90.6,50,D
2025,120390,EDS,36.8,Exceeded,86.4,47,D
2025,12A000,ALL,61.7,Met,70.6,63,C
2025,12A000,EDS,50,Met,70.4,54,D
2025,130304,ALL,56.6,Met,79.8,61,C
2025,130304,BL7,42.7,Met,79.6,50,D
2025,130304,EDS,47.2,Met,76.2,53,D
2025,130307,ALL,86.1,Met,83.3,86,A
2025,130307,BL7,75.7,Met,82.5,77,B
2025,130307,EDS,67.6,Met,79.5,70,B
2025,130308,ALL,72.9,Exceeded,89.3,76,B
2025,130308,BL7,62.5,Met,84.1,67,C
2025,130308,EDS,62.7,Exceeded,87.6,68,C
2025,130310,ALL,59.6,Exceeded,85.9,65,C
2025,130310,BL7,49.8,Met,82,56,C
2025,130310,EDS,51,Met,82.2,57,C
2025,130311,ALL,53.9,Met,74,58,C
2025,130311,BL7,45.2,,,45,D
2025,130311,EDS,39.2,Met,73.4,46,D
2025,130312,ALL,81.8,Exceeded,93,84,B
2025,130312,BL7,74,Met,84.1,76,B
2025,130312,EDS,69.1,Exceeded,85.7,72,B
2025,130313,ALL,27.4,NotMet,50,32,F
2025,130313,BL7,20.4,NotMet,52.7,27,F
2025,130313,EDS,23.4,NotMet,50,29,F
2025,130314,ALL,57,Exceeded,93.7,64,C
2025,130314,BL7,49.1,Met,84.7,56,C
2025,130314,EDS,50.5,Exceeded,90.4,58,C
2025,130315,ALL,58.2,Met,71.7,61,C
2025,130315,BL7,47.4,Met,80.8,54,D
2025,130315,EDS,42.7,Met,77.1,50,D
2025,130316,ALL,63.2,Exceeded,89.1,68,C
2025,130316,BL7,53.6,Met,79.5,59,C
2025,130316,EDS,55.1,Met,83.4,61,C
2025,130318,ALL,52,NotMet,60.9,54,D
2025,130318,BL7,44,Met,75.1,50,D
2025,130318,EDS,41.2,NotMet,60.5,45,D
2025,130319,ALL,87.7,Exceeded,90.5,88,A
2025,130319,BL7,72.2,Met,83.9,75,B
2025,130319,EDS,66.9,Exceeded,86.4,71,B
2025,130320,ALL,87.4,Exceeded,88.2,88,A
2025,130320,BL7,68.3,Met,81.5,71,B
2025,130320,EDS,65.4,Met,84.5,69,C
2025,130321,ALL,49.3,Met,84.1,56,C
2025,130321,BL7,43.4,Met,81.7,51,D
2025,130321,EDS,39,Met,83.1,48,D
2025,130322,ALL,70.1,Met,81.5,72,B
2025,130322,EDS,62.8,Met,82.9,67,C
2025,130323,ALL,60.4,Met,80.8,64,C
2025,130323,BL7,45.6,,,46,D
2025,130323,EDS,50.8,Met,81.5,57,C
2025,130324,ALL,67.3,Met,75.9,69,C
2025,130324,EDS,56,Met,79.4,61,C
2025,130325,ALL,67.5,Exceeded,88.2,72,B
2025,130325,BL7,55.1,Met,81.9,60,C
2025,130325,EDS,51.9,Met,84.3,58,C
2025,130326,ALL,73.8,Met,74.5,74,B
2025,130326,BL7,65.6,Met,82,69,C
2025,130326,EDS,60.3,Met,78.4,64,C
2025,130327,ALL,69.6,Met,72.2,70,B
2025,130327,BL7,54.8,Met,73.2,58,C
2025,130327,EDS,51.9,Met,81.2,58,C
2025,130328,ALL,63.8,Exceeded,89.3,69,C
2025,130328,BL7,50.3,Met,83.6,57,C
2025,130328,EDS,55.9,Exceeded,86.3,62,C
2025,130329,ALL,57.4,Exceeded,89.8,64,C
2025,130329,BL7,58.6,Met,84.6,64,C
2025,130329,EDS,51.8,Exceeded,88.6,59,C
2025,130330,ALL,57.2,Exceeded,91.1,64,C
2025,130330,BL7,37.6,Met,77.8,46,D
2025,130330,EDS,41,Exceeded,87,50,D
2025,130331,ALL,69,Exceeded,92.9,74,B
2025,130331,BL7,65.7,Exceeded,88.4,70,B
2025,130331,EDS,59.6,Exceeded,87.4,65,C
2025,130332,ALL,78.7,Met,84.8,80,B
2025,130332,BL7,68.1,Met,83.9,71,B
2025,130332,EDS,59.6,Met,81.9,64,C
2025,130336,ALL,,,,90,A
2025,130336,BL7,,,,78,B
2025,130336,EDS,,,,78,B
2025,130337,ALL,88,Exceeded,100,90,A
2025,130337,BL7,75.5,Exceeded,87.8,78,B
2025,130337,EDS,74.1,Exceeded,91.1,78,B
2025,130338,ALL,64.1,Exceeded,93,70,B
2025,130338,BL7,49,Met,82.9,56,C
2025,130338,EDS,49.3,Exceeded,88.4,57,C
2025,130339,ALL,59,Met,81.5,64,C
2025,130339,BL7,54.8,Met,81.1,60,C
2025,130339,EDS,51.4,Met,80,57,C
2025,130340,ALL,43.8,Met,82.1,51,D
2025,130340,BL7,30.4,Met,80,40,D
2025,130340,EDS,31.6,Met,80.8,41,D
2025,130342,ALL,48.2,Exceeded,87.2,56,C
2025,130342,BL7,33.6,Met,83.1,44,D
2025,130342,EDS,36,Met,84.8,46,D
2025,130344,ALL,33,NotMet,61.9,39,F
2025,130344,BL7,24.8,Met,70.3,34,F
2025,130344,EDS,25.7,NotMet,66.8,34,F
2025,130345,ALL,65.3,Exceeded,86.8,70,B
2025,130345,BL7,57.8,Met,79.2,62,C
2025,130345,EDS,46.6,Met,80.8,53,D
2025,130346,ALL,81.8,Exceeded,100,85,A
2025,130346,BL7,71,Exceeded,92.8,75,B
2025,130346,EDS,65.1,Exceeded,90.1,70,B
2025,130347,ALL,82.1,Exceeded,97.8,85,A
2025,130347,BL7,67.9,Exceeded,88.9,72,B
2025,130347,EDS,60.7,Exceeded,85.1,66,C
2025,130348,ALL,81.1,Met,81.4,81,B
2025,130349,ALL,93,Met,80.7,91,A
2025,130350,ALL,92.8,Exceeded,92,93,A
2025,130350,EDS,91,Exceeded,88.5,91,A
2025,130355,ALL,51.6,NotMet,64,54,D
2025,130355,BL7,40.4,Met,72.9,47,D
2025,130355,EDS,38.8,NotMet,61.8,43,D
2025,130356,ALL,67.8,Met,72.6,69,C
2025,130357,ALL,54.2,NotMet,62.5,56,C
2025,130357,BL7,47.6,NotMet,64.5,51,D
2025,130357,EDS,40.2,NotMet,61.5,44,D
2025,132303,ALL,29.6,NotMet,53.5,34,F
2025,132303,BL7,26.2,NotMet,61.8,33,F
2025,132303,EDS,25.1,NotMet,56,31,F
2025,132304,ALL,50.2,NotMet,52.4,51,D
2025,132304,BL7,42.8,NotMet,59.1,46,D
2025,132304,EDS,44.5,NotMet,54.4,46,D
2025,132308,ALL,44.8,Met,84.6,53,D
2025,132308,BL7,35.1,Met,80.3,44,D
2025,132308,EDS,37.1,Met,84.4,47,D
2025,132312,ALL,46.3,Exceeded,87.2,54,D
2025,132312,EDS,41.6,Met,84.6,50,D
2025,132314,ALL,45,Exceeded,87.8,54,D
2025,132314,BL7,37,Met,83.1,46,D
2025,132314,EDS,43.8,Exceeded,86.3,52,D
2025,132328,ALL,63.2,Met,81.8,67,C
2025,132328,EDS,58.6,Met,80,63,C
2025,132330,ALL,31.7,NotMet,51.6,36,F
2025,132330,BL7,24.8,NotMet,59.2,32,F
2025,132330,EDS,24.9,NotMet,54.6,31,F
2025,132332,ALL,37.2,Met,75.6,45,D
2025,132332,BL7,32.8,Met,82.4,43,D
2025,132332,EDS,27,Met,78.7,37,F
2025,132336,ALL,46.8,Met,81.3,54,D
2025,132336,EDS,41.2,Met,80.8,49,D
2025,13A000,ALL,51.5,Exceeded,91.2,59,C
2025,13A000,BL7,39.6,Exceeded,86,49,D
2025,13A000,EDS,38.6,Exceeded,85.4,48,D
2025,13B000,ALL,36.4,NotMet,51.5,39,F
2025,13B000,BL7,30.4,NotMet,54.2,35,F
2025,13B000,EDS,31.1,NotMet,55.2,36,F
2025,13C000,ALL,41.7,Met,83.1,50,D
2025,13C000,BL7,40.1,Met,82.7,49,D
2025,13C000,EDS,32.7,Met,83.2,43,D
2025,13D000,ALL,60.6,Met,70.8,63,C
2025,13D000,BL7,55.1,NotMet,69.4,58,C
2025,13D000,EDS,52.5,Met,74.3,57,C
2025,140304,ALL,60.6,NotMet,61.1,61,C
2025,140304,EDS,55.3,NotMet,69.5,58,C
2025,140305,ALL,85.5,Met,80.4,84,B
2025,140305,EDS,81.8,Met,80.5,82,B
2025,140308,ALL,53,NotMet,63.9,55,C
2025,140308,EDS,45,NotMet,68.4,50,D
2025,140309,ALL,84.2,Met,75.8,83,B
2025,140309,EDS,82.6,Met,80.7,82,B
2025,140312,ALL,52.2,Met,71.3,56,C
2025,140312,EDS,49.8,Met,73.6,55,C
2025,140313,ALL,65.3,Met,80.7,68,C
2025,140313,EDS,45.2,,,45,D
2025,140316,ALL,55.8,Met,74.9,60,C
2025,140316,EDS,55.1,Met,78.8,60,C
2025,140324,ALL,41.5,NotMet,57.9,45,D
2025,140324,EDS,36.6,NotMet,58.7,41,D
2025,140332,ALL,34.4,NotMet,56.2,39,F
2025,140332,BL7,27.8,Met,77.8,38,F
2025,140332,EDS,31.9,NotMet,56.8,37,F
2025,140336,ALL,60.9,Met,84.8,66,C
2025,140336,EDS,50.6,Met,84.2,57,C
2025,140340,ALL,64.6,Met,74.4,67,C
2025,140340,EDS,55,Met,80.6,60,C
2025,140344,ALL,45.1,NotMet,64.1,49,D
2025,140344,EDS,40.1,NotMet,67,45,D
2025,140348,ALL,58.8,Met,72.3,62,C
2025,140348,BL7,27,Met,74.4,36,F
2025,140348,EDS,51.7,Met,73.2,56,C
2025,140352,ALL,59.6,Met,84.6,65,C
2025,140352,EDS,51.4,Exceeded,85.6,58,C
2025,140356,ALL,52.3,NotMet,57.1,53,D
2025,140356,EDS,41.5,NotMet,58.1,45,D
2025,140360,ALL,36.8,NotMet,67.6,43,D
2025,140360,EDS,34.3,Met,73.2,42,D
2025,140368,ALL,53.5,Met,74.4,58,C
2025,140368,BL7,27.8,Met,72.2,37,F
2025,140368,EDS,43.9,Met,70.9,49,D
2025,140372,ALL,60.8,NotMet,62.1,61,C
2025,140372,EDS,52,NotMet,68.4,55,C
2025,140384,ALL,50,Met,73.7,55,C
2025,140384,EDS,38.2,Met,73.8,45,D
2025,140386,ALL,62.8,NotMet,63.9,63,C
2025,140386,EDS,55.4,NotMet,68.4,58,C
2025,140388,ALL,40.5,Met,74.2,47,D
2025,140388,EDS,38.4,NotMet,67.9,44,D
2025,140390,ALL,50.4,NotMet,61.6,53,D
2025,140390,EDS,49.5,NotMet,67.5,53,D
2025,140396,ALL,45.8,NotMet,65.4,50,D
2025,140396,EDS,41.8,NotMet,65.1,46,D
2025,14B000,ALL,37.4,NotMet,60.2,42,D
2025,14B000,EDS,20.8,NotMet,66.7,30,F
2025,150304,ALL,69.4,NotMet,59.7,67,C
2025,150304,EDS,39.3,NotMet,64.1,44,D
2025,150308,ALL,,,,61,C
2025,150308,EDS,,,,54,D
2025,150310,ALL,63.5,NotMet,50,61,C
2025,150310,EDS,53.1,NotMet,58.3,54,D
2025,150312,ALL,68.1,Met,73.3,69,C
2025,150312,EDS,52,Met,75.2,57,C
2025,150350,ALL,84.4,Met,84,84,B
2025,160304,ALL,74.3,Exceeded,86.5,77,B
2025,160306,ALL,75.5,Met,84.9,77,B
2025,160306,EDS,63,Met,83,67,C
2025,160308,ALL,68.7,Met,82.2,71,B
2025,160308,EDS,56.8,Met,81.7,62,C
2025,160310,ALL,62.3,Met,72.2,64,C
2025,160310,EDS,49.6,Met,77.8,55,C
2025,160311,ALL,76.4,Met,71.6,75,B
2025,160311,EDS,64.5,Met,80.5,68,C
2025,160313,ALL,78.7,Met,82.5,79,B
2025,160313,EDS,73.8,Met,83.2,76,B
2025,160314,ALL,83.1,Exceeded,96.3,86,A
2025,160314,EDS,74,Exceeded,86.1,76,B
2025,160316,ALL,69.6,NotMet,68.7,69,C
2025,160317,ALL,62,NotMet,57.7,61,C
2025,160317,EDS,44.7,NotMet,58.2,47,D
2025,160318,ALL,63.8,Exceeded,87.2,68,C
2025,160318,EDS,44.9,Met,80.7,52,D
2025,160322,ALL,64.8,Met,80.7,68,C
2025,160322,EDS,51,Met,78.6,57,C
2025,160324,ALL,62.5,Met,83.9,67,C
2025,160324,EDS,55.3,Met,80.9,60,C
2025,160326,ALL,53.3,NotMet,58.6,54,D
2025,160326,EDS,44.1,NotMet,60.2,47,D
2025,160332,ALL,60.8,NotMet,59.7,61,C
2025,160332,EDS,55.8,NotMet,68.7,58,C
2025,160344,ALL,73.2,NotMet,62.4,71,B
2025,160344,BL7,42.1,Met,76.5,49,D
2025,160344,EDS,59.6,NotMet,59.6,60,C
2025,160352,ALL,74.6,Met,71.5,74,B
2025,160352,EDS,64.4,Met,76.1,67,C
2025,16B000,ALL,69.2,Met,83.4,72,B
2025,16B000,EDS,60,Met,78.7,64,C
2025,170316,ALL,56.3,Met,75.1,60,C
2025,170316,BL7,48.6,Met,80.1,55,C
2025,170316,EDS,49.2,Met,76.8,55,C
2025,170334,ALL,62.8,Met,81.9,67,C
2025,170334,BL7,56.8,Met,79.3,61,C
2025,170334,EDS,56.8,Met,81.7,62,C
2025,170338,ALL,33.3,NotMet,59.4,39,F
2025,170338,BL7,20.9,NotMet,58.9,29,F
2025,170338,EDS,26.6,NotMet,59.4,33,F
2025,170339,ALL,45.8,Met,73.7,51,D
2025,170339,BL7,35.4,Met,75,43,D
2025,170339,EDS,44.2,Met,75.1,50,D
2025,170342,ALL,47.2,Exceeded,91.9,56,C
2025,170342,BL7,38.7,Exceeded,86.1,48,D
2025,170342,EDS,42.5,Exceeded,90.7,52,D
2025,170344,ALL,41.8,Met,77,49,D
2025,170344,EDS,39.5,Met,79.2,47,D
2025,180302,ALL,50.7,Met,83,57,C
2025,180302,BL7,23.6,Met,82.1,35,F
2025,180302,EDS,41.5,Met,81.5,50,D
2025,180304,ALL,66.1,Exceeded,86.9,70,B
2025,180304,EDS,57.1,Met,83.7,62,C
2025,180308,ALL,75.8,Exceeded,85.5,78,B
2025,180308,EDS,60.7,Met,73.6,63,C
2025,180312,ALL,62.9,Met,70.9,65,C
2025,180312,EDS,52.3,Met,79.1,58,C
2025,180316,ALL,61.3,Exceeded,89,67,C
2025,180316,EDS,55.8,Exceeded,87.5,62,C
2025,180320,ALL,58.6,NotMet,65,60,C
2025,180320,BL7,17.4,Met,72.7,28,F
2025,180320,EDS,52.3,NotMet,67.1,55,C
2025,180324,ALL,55.7,Met,78.4,60,C
2025,180324,EDS,51.4,Met,78.9,57,C
2025,180325,ALL,96,Met,83,93,A
2025,180325,EDS,94.3,Met,81.9,92,A
2025,180326,ALL,63.3,Met,79,66,C
2025,180326,EDS,55.1,Met,80.7,60,C
2025,180332,ALL,55.9,Met,81.4,61,C
2025,180332,EDS,48.8,Met,81,55,C
2025,180336,ALL,65.8,NotMet,66.8,66,C
2025,180336,EDS,52.2,NotMet,67,55,C
2025,180340,ALL,71.6,Met,82,74,B
2025,180340,EDS,60.3,Met,77.4,64,C
2025,180342,ALL,61.2,NotMet,69.6,63,C
2025,180342,EDS,50.3,NotMet,62.3,53,D
2025,180343,ALL,51.5,Met,80.4,57,C
2025,180343,EDS,42.8,Met,79.8,50,D
2025,180344,ALL,63.5,Met,78.5,67,C
2025,180344,EDS,57,Met,79.4,61,C
2025,180346,ALL,55.4,Met,77,60,C
2025,180346,EDS,48.9,Met,72.3,54,D
2025,180348,ALL,61.3,NotMet,61,61,C
2025,180348,EDS,51.9,NotMet,62.5,54,D
2025,180352,ALL,53.6,NotMet,50,53,D
2025,180352,EDS,36.9,NotMet,50,40,D
2025,180356,ALL,70.8,Met,71.7,71,B
2025,180356,EDS,62.6,Met,76.2,65,C
2025,180360,ALL,42.3,Met,82.8,50,D
2025,180360,EDS,36.9,Met,83.5,46,D
2025,180364,ALL,48.5,NotMet,59.4,51,D
2025,180364,EDS,40.8,NotMet,61.4,45,D
2025,180368,ALL,68.2,Exceeded,87.4,72,B
2025,180368,EDS,55.6,Met,80.8,61,C
2025,180372,ALL,37.9,Met,74.5,45,D
2025,180372,BL7,23.3,NotMet,68.1,32,F
2025,180372,EDS,28.1,NotMet,69,36,F
2025,180376,ALL,63.5,Exceeded,88.4,68,C
2025,180376,BL7,50,Met,83.2,57,C
2025,180376,EDS,53.6,Met,83.5,60,C
2025,180379,ALL,64.6,Met,80.8,68,C
2025,180379,EDS,51.6,Met,77,57,C
2025,180380,ALL,57.4,Met,74.4,61,C
2025,180380,EDS,48.8,Met,73.2,54,D
2025,180388,ALL,47.3,Met,74.7,53,D
2025,180388,EDS,41.3,Met,70.9,47,D
2025,181312,ALL,46.9,NotMet,57.5,49,D
2025,181312,BL7,30.9,NotMet,67.9,38,F
2025,181312,EDS,36.9,NotMet,64,42,D
2025,181316,ALL,44.4,Exceeded,88,53,D
2025,181316,BL7,24.4,Met,83.4,36,F
2025,181316,EDS,34.7,Exceeded,86.7,45,D
2025,181318,ALL,71.6,Met,75,72,B
2025,181318,EDS,57.4,Met,73.7,61,C
2025,181322,ALL,56.5,NotMet,69.9,59,C
2025,181322,BL7,44.9,Met,75.2,51,D
2025,181322,EDS,46.2,NotMet,67,50,D
2025,181326,ALL,61.8,NotMet,66.6,63,C
2025,181326,EDS,33.3,NotMet,68.7,40,D
2025,181332,ALL,48.7,Met,74.9,54,D
2025,181332,BL7,30.3,Met,73.1,39,F
2025,181332,EDS,43.7,Met,76.9,50,D
2025,181336,ALL,71.6,Met,80.1,73,B
2025,181336,EDS,54.4,Met,78,59,C
2025,181342,ALL,,,,54,D
2025,181342,BL7,,,,39,F
2025,181342,EDS,,,,50,D
2025,181344,ALL,39.6,NotMet,64.5,45,D
2025,181344,BL7,21,NotMet,59.6,29,F
2025,181344,EDS,31.1,NotMet,59.6,37,F
2025,182316,ALL,57.4,NotMet,60.1,58,C
2025,182316,EDS,51.1,NotMet,61.6,53,D
2025,182321,ALL,53.5,Met,71.2,57,C
2025,182321,BL7,29.4,Met,81.3,40,D
2025,182321,EDS,41.9,Met,73.1,48,D
2025,182322,ALL,63.6,Exceeded,91.1,69,C
2025,182322,EDS,59.4,Exceeded,89.2,65,C
2025,182324,ALL,55,NotMet,66.9,57,C
2025,182324,BL7,54.8,,,55,C
2025,182324,EDS,48.7,NotMet,67.2,52,D
2025,182328,ALL,67.3,Met,82.9,70,B
2025,182328,EDS,62.4,Exceeded,85.2,67,C
2025,182700,ALL,89.9,Met,71.1,86,A
2025,190304,ALL,72.4,Exceeded,87.2,75,B
2025,190304,EDS,62.1,Exceeded,86,67,C
2025,190308,ALL,52.3,Met,83,58,C
2025,190308,EDS,43.4,Met,81.9,51,D
2025,190309,ALL,51.3,,,51,D
2025,190309,EDS,27.1,,,27,F
2025,190312,ALL,37.6,Exceeded,92.4,49,D
2025,190312,BL7,33.3,Met,84.5,44,D
2025,190312,EDS,35.1,Exceeded,89.1,46,D
2025,190316,ALL,71.8,Exceeded,91.9,76,B
2025,190316,EDS,65.1,Exceeded,90,70,B
2025,190328,ALL,68.8,Exceeded,85.4,72,B
2025,190328,BL7,44.8,Exceeded,85.2,53,D
2025,190328,EDS,49.7,Exceeded,86.2,57,C
2025,190332,ALL,61.4,Exceeded,87.4,67,C
2025,190332,EDS,46.7,Met,83.6,54,D
2025,190336,ALL,55.6,Met,71.5,59,C
2025,190336,BL7,27,Met,77.5,37,F
2025,190336,EDS,51.4,Met,71.1,55,C
2025,190339,ALL,72.5,Met,81.2,74,B
2025,190339,BL7,59.3,Met,80.6,64,C
2025,190339,EDS,35.8,Met,74,43,D
2025,190340,ALL,54.9,Met,80.1,60,C
2025,190340,EDS,33.3,Met,71.5,41,D
2025,190341,ALL,73.2,Exceeded,90.8,77,B
2025,190341,EDS,49.1,Exceeded,86.3,57,C
2025,190342,ALL,74.1,Exceeded,90.3,77,B
2025,190342,BL7,45.8,Met,84.7,54,D
2025,190342,EDS,58.1,Met,83.7,63,C
2025,190346,ALL,78.1,Exceeded,89.5,80,B
2025,190348,ALL,66.9,Exceeded,86,71,B
2025,190348,BL7,38.7,Met,76.2,46,D
2025,190348,EDS,50.7,Met,77.8,56,C
2025,190349,ALL,79.1,Met,83.9,80,B
2025,190349,EDS,53.4,NotMet,65,56,C
2025,190350,ALL,48.4,Exceeded,87.5,56,C
2025,190350,BL7,44.7,Met,81.7,52,D
2025,190350,EDS,46.8,Exceeded,88.6,55,C
2025,190352,ALL,60.5,Exceeded,85.6,66,C
2025,190352,EDS,48.5,Met,83.4,55,C
2025,190354,ALL,78.4,Met,75.9,78,B
2025,190354,EDS,44.2,Met,70.5,49,D
2025,190370,ALL,46.1,Exceeded,92,55,C
2025,190370,BL7,36,Exceeded,87.9,46,D
2025,190370,EDS,43.7,Exceeded,90.6,53,D
2025,190501,ALL,97.7,Exceeded,88,96,A
2025,19A000,ALL,77.1,Exceeded,89.6,80,B
2025,19A000,BL7,67.2,,,67,C
2025,19A000,EDS,67,Exceeded,86.1,71,B
2025,19B000,ALL,86.8,Met,82.7,86,A
2025,19B000,EDS,68.8,,,69,C
2025,19C000,ALL,57.8,NotMet,68.7,60,C
2025,19C000,EDS,43.3,,,43,D
2025,200304,ALL,40.2,Met,82.2,49,D
2025,200304,EDS,36.2,Met,81.1,45,D
2025,200308,ALL,61.8,NotMet,59.3,61,C
2025,200308,EDS,54,NotMet,67.6,57,C
2025,200310,ALL,49.9,NotMet,63.9,53,D
2025,200310,EDS,44.8,NotMet,59.8,48,D
2025,200312,ALL,63.9,Exceeded,87.1,69,C
2025,200312,EDS,52.6,Exceeded,86.7,59,C
2025,200314,ALL,74.1,Met,71.8,74,B
2025,200314,EDS,54.5,,,55,C
2025,200320,ALL,49.2,NotMet,57.1,51,D
2025,200320,EDS,38.6,NotMet,60.6,43,D
2025,200324,ALL,57.5,Exceeded,88.9,64,C
2025,200324,EDS,48.8,Exceeded,87.9,57,C
2025,200328,ALL,68.7,Met,79.9,71,B
2025,200328,EDS,65.7,Met,80.4,69,C
2025,200330,ALL,54.9,Met,76.4,59,C
2025,200330,EDS,50.1,Met,74.1,55,C
2025,200332,ALL,70.4,Met,82.3,73,B
2025,200332,EDS,67.5,Met,84.3,71,B
2025,200336,ALL,58.8,Met,73.7,62,C
2025,200336,EDS,57.7,Met,77.6,62,C
2025,200350,ALL,78.4,Met,82.5,79,B
2025,200350,EDS,83.7,Met,83.6,84,B
2025,210304,ALL,44.3,Met,71.3,50,D
2025,210304,BL7,33.7,Met,81.1,43,D
2025,210304,EDS,37.3,Met,75.9,45,D
2025,210306,ALL,46,Met,79.9,53,D
2025,210306,BL7,34.5,Met,75.7,43,D
2025,210306,EDS,40.3,Met,81,48,D
2025,210312,ALL,64,Met,81,67,C
2025,210312,BL7,56.1,Met,80.7,61,C
2025,210312,EDS,55.8,Met,78.6,60,C
2025,210316,ALL,,,,53,D
2025,210316,BL7,,,,43,D
2025,210316,EDS,,,,48,D
2025,220306,ALL,,,,62,C
2025,220306,EDS,,,,59,C
2025,220308,ALL,63.5,NotMet,57.5,62,C
2025,220308,EDS,59,NotMet,58,59,C
2025,220310,ALL,69.8,Met,73.6,71,B
2025,220310,EDS,67.5,Met,78,70,B
2025,220312,ALL,62.5,Met,73.3,65,C
2025,220312,EDS,53.6,Met,75,58,C
2025,230304,ALL,70.5,Met,71.1,71,B
2025,230304,BL7,60.3,NotMet,67.3,62,C
2025,230304,EDS,67.3,NotMet,69.8,68,C
2025,230308,ALL,75.7,Met,84.2,77,B
2025,230308,EDS,68.2,Met,80.8,71,B
2025,230312,ALL,64.7,NotMet,56.9,63,C
2025,230312,BL7,58.9,NotMet,66.5,60,C
2025,230312,EDS,58.7,NotMet,58.4,59,C
2025,230316,ALL,54.8,Met,72.2,58,C
2025,230316,BL7,34.5,Met,76.3,43,D
2025,230316,EDS,46.4,Met,72.7,52,D
2025,230320,ALL,74.5,Exceeded,85.8,77,B
2025,230320,EDS,63,Met,82.3,67,C
2025,230322,ALL,84.2,Exceeded,87.5,85,A
2025,230322,EDS,85,Exceeded,87.8,86,A
2025,230323,ALL,64.1,Met,79.4,67,C
2025,230323,EDS,61.5,Met,77.9,65,C
2025,230324,ALL,65,NotMet,59.3,64,C
2025,230324,BL7,52.3,NotMet,65.8,55,C
2025,230324,EDS,54.7,NotMet,62.3,56,C
2025,230328,ALL,58,Met,75.6,62,C
2025,230328,BL7,42.8,Met,81.3,51,D
2025,230328,EDS,49.4,Met,81.7,56,C
2025,230334,ALL,59.5,Met,82,64,C
2025,230334,EDS,56.3,Met,80.7,61,C
2025,230336,ALL,50,Met,81.1,56,C
2025,230336,BL7,43.9,Met,76.5,50,D
2025,230336,EDS,47.3,Met,80.1,54,D
2025,230340,ALL,57.9,Met,77.6,62,C
2025,230340,EDS,50.2,Met,77.9,56,C
2025,230344,ALL,69.7,Met,74.6,71,B
2025,230344,EDS,67.5,Met,76.4,69,C
2025,230346,ALL,41.8,NotMet,65.1,46,D
2025,230346,BL7,37.6,NotMet,69.1,44,D
2025,230346,EDS,39.6,NotMet,65.3,45,D
2025,230348,ALL,65.1,Met,76.6,67,C
2025,230348,BL7,54.4,Met,74.4,58,C
2025,230348,EDS,58.3,Met,75.1,62,C
2025,230350,ALL,65.2,NotMet,54.2,63,C
2025,230350,BL7,55.8,Met,71.8,59,C
2025,230350,EDS,57.5,NotMet,56.3,57,C
2025,230351,ALL,59.9,NotMet,67.6,61,C
2025,230351,BL7,48.2,Met,75.5,54,D
2025,230351,EDS,51.9,NotMet,59.5,53,D
2025,230352,ALL,54.5,NotMet,59.6,56,C
2025,230352,BL7,33.9,NotMet,64.9,40,D
2025,230352,EDS,44.8,NotMet,63,48,D
2025,230357,ALL,67.2,Met,84.2,71,B
2025,230357,EDS,59.1,Met,83.2,64,C
2025,230361,ALL,56.3,NotMet,53.9,56,C
2025,230361,BL7,49.7,NotMet,56,51,D
2025,230361,EDS,51.2,NotMet,54.7,52,D
2025,230362,ALL,47.8,Exceeded,90.6,56,C
2025,230362,BL7,37.7,Exceeded,85.3,47,D
2025,230362,EDS,40.8,Exceeded,89.3,51,D
2025,230364,ALL,74.3,Exceeded,92.2,78,B
2025,230364,BL7,70.8,Met,84.5,74,B
2025,230364,EDS,65.9,Exceeded,88.7,70,B
2025,230368,ALL,43.8,NotMet,68.5,49,D
2025,230368,BL7,35.1,Met,75.7,43,D
2025,230368,EDS,41,Met,73.1,47,D
2025,230370,ALL,61,NotMet,69.4,63,C
2025,230370,BL7,45.9,NotMet,66.8,50,D
2025,230370,EDS,58.7,Met,70.7,61,C
2025,230376,ALL,51.6,Exceeded,85.4,58,C
2025,230376,BL7,36.9,Met,80.3,46,D
2025,230376,EDS,46.4,Met,82.9,54,D
2025,230380,ALL,58.8,Met,82.8,64,C
2025,230380,EDS,48.6,Met,80.6,55,C
2025,23A000,ALL,65,NotMet,50,62,C
2025,23A000,BL7,58.8,Met,70.5,61,C
2025,23A000,EDS,53.3,NotMet,53.9,53,D
2025,240308,ALL,45.4,Met,72.3,51,D
2025,240308,BL7,39.2,Met,78.5,47,D
2025,240308,EDS,45.8,Met,77.4,52,D
2025,240332,ALL,50.4,Met,75.7,55,C
2025,240332,BL7,35.7,Met,74.2,43,D
2025,240332,EDS,52.9,Met,78,58,C
2025,240334,ALL,42.7,NotMet,50,44,D
2025,240334,BL7,42.6,NotMet,59,46,D
2025,240334,EDS,36.2,NotMet,52.2,39,F
2025,240354,ALL,48.9,Met,83,56,C
2025,240354,BL7,45.5,Met,80.7,53,D
2025,240354,EDS,46.2,Exceeded,85.7,54,D
2025,240368,ALL,54.9,Met,78.4,60,C
2025,240368,EDS,50,Met,77.6,56,C
2025,240370,ALL,69.8,Exceeded,88.7,74,B
2025,240370,EDS,65.8,Exceeded,85.6,70,B
2025,240371,ALL,55.8,NotMet,56.5,56,C
2025,240371,BL7,41.6,NotMet,66.9,47,D
2025,240371,EDS,47.9,NotMet,58.1,50,D
2025,240373,ALL,79.2,Met,83.6,80,B
2025,240373,EDS,58.3,Met,82.6,63,C
2025,240375,ALL,38.7,Met,75.6,46,D
2025,240375,BL7,27.7,Met,81.4,38,F
2025,240375,EDS,34.9,Met,79.6,44,D
2025,240380,ALL,47.6,Met,84.1,55,C
2025,240380,BL7,42.3,Met,83.3,51,D
2025,240380,EDS,40,Met,80.6,48,D
2025,240381,ALL,38.8,Met,77.1,46,D
2025,240381,BL7,23.4,Met,80.5,35,F
2025,240381,EDS,33,Met,77.8,42,D
2025,240388,ALL,47.2,Met,70.6,52,D
2025,240388,BL7,19.1,,,19,F
2025,240388,EDS,34.4,NotMet,69.3,41,D
2025,241304,ALL,49.7,Met,81.4,56,C
2025,241304,BL7,37.5,Met,81.4,46,D
2025,241304,EDS,41.5,Met,83,50,D
2025,241308,ALL,53.3,Met,82.2,59,C
2025,241308,BL7,38.2,Met,80.2,47,D
2025,241308,EDS,49.3,Met,82.6,56,C
2025,241316,ALL,60.1,NotMet,57.1,60,C
2025,241316,BL7,47.6,NotMet,61.7,50,D
2025,241316,EDS,52.1,NotMet,57.7,53,D
2025,241320,ALL,,,,59,C
2025,241320,BL7,,,,47,D
2025,241320,EDS,,,,56,C
2025,24N000,ALL,46.6,Exceeded,88.9,55,C
2025,24N000,BL7,36.2,Exceeded,85.6,46,D
2025,24N000,EDS,39.9,Exceeded,86.8,49,D
2025,250304,ALL,71.3,NotMet,69.3,71,B
2025,250304,BL7,38.8,Met,73.7,46,D
2025,250304,EDS,56.2,NotMet,69,59,C
2025,250306,ALL,56.4,NotMet,55.4,56,C
2025,250306,BL7,43.8,NotMet,61.8,47,D
2025,250306,EDS,50.7,NotMet,59.1,52,D
2025,250308,ALL,51.5,NotMet,58.2,53,D
2025,250308,EDS,49,NotMet,63.1,52,D
2025,250312,ALL,59.4,NotMet,57.6,59,C
2025,250312,BL7,37.8,Met,71.8,45,D
2025,250312,EDS,39.1,NotMet,62.8,44,D
2025,250314,ALL,86.7,Exceeded,90.4,87,A
2025,250314,EDS,86.1,Exceeded,85.7,86,A
2025,250316,ALL,78.9,Met,80.5,79,B
2025,250316,EDS,70,Met,83.1,73,B
2025,250320,ALL,40.6,Met,73.8,47,D
2025,250320,BL7,30,Met,78.7,40,D
2025,250320,EDS,39,Met,78.8,47,D
2025,250321,ALL,87,Met,74.3,84,B
2025,250321,EDS,79.4,,,79,B
2025,250324,ALL,65.7,Met,77,68,C
2025,250324,BL7,44.6,Met,76.2,51,D
2025,250324,EDS,51.7,Met,72.9,56,C
2025,250328,ALL,41.6,NotMet,66.9,47,D
2025,250328,EDS,30.2,Met,70.8,38,F
2025,250332,ALL,54,NotMet,64.7,56,C
2025,250332,BL7,39,Met,73.8,46,D
2025,250332,EDS,41.8,NotMet,67.5,47,D
2025,250336,ALL,51.4,NotMet,65.1,54,D
2025,250336,EDS,44.5,NotMet,66.7,49,D
2025,250340,ALL,66.6,NotMet,64.1,66,C
2025,250340,BL7,56.7,Met,79.1,61,C
2025,250340,EDS,59.1,NotMet,69,61,C
2025,250344,ALL,44.8,Exceeded,85.8,53,D
2025,250344,BL7,30,Met,80.5,40,D
2025,250344,EDS,35.8,Met,82.7,45,D
2025,250348,ALL,40.2,Met,82,49,D
2025,250348,BL7,31.1,Met,80.9,41,D
2025,250348,EDS,35.1,Met,80.8,44,D
2025,250350,ALL,53.3,Exceeded,91.6,61,C
2025,250350,BL7,40.2,Exceeded,88.4,50,D
2025,250350,EDS,49.3,Exceeded,91.5,58,C
2025,250356,ALL,58.4,NotMet,50,57,C
2025,250356,BL7,42.2,NotMet,57.3,45,D
2025,250356,EDS,43.9,NotMet,50,45,D
2025,250360,ALL,41.8,NotMet,58.1,45,D
2025,250360,BL7,35.4,NotMet,64.4,41,D
2025,250360,EDS,33.7,NotMet,58.4,39,F
2025,250362,ALL,59.3,Met,79.8,63,C
2025,250362,BL7,44.9,Met,77.5,51,D
2025,250362,EDS,48.5,Met,81.3,55,C
2025,250364,ALL,56,NotMet,67.5,58,C
2025,250364,BL7,38.6,Met,72.6,45,D
2025,250364,EDS,51.3,NotMet,69.4,55,C
2025,250368,ALL,71.2,Met,80.4,73,B
2025,250368,BL7,50,Met,83.4,57,C
2025,250368,EDS,61.6,Met,78.7,65,C
2025,250372,ALL,51.2,NotMet,55.4,52,D
2025,250372,BL7,40.2,NotMet,59.7,44,D
2025,250372,EDS,43.7,NotMet,58.6,47,D
2025,250376,ALL,38.4,NotMet,57.1,42,D
2025,250376,BL7,31.6,Met,73.8,40,D
2025,250376,EDS,32.4,NotMet,59.4,38,F
2025,250378,ALL,78.4,NotMet,60.5,75,B
2025,250378,EDS,72.8,Met,70.2,72,B
2025,250379,ALL,34.5,NotMet,55.7,39,F
2025,250379,EDS,34.2,NotMet,68.6,41,D
2025,250380,ALL,50.5,NotMet,56.4,52,D
2025,250380,EDS,40.4,NotMet,60.3,44,D
2025,25A000,ALL,44.9,NotMet,50,46,D
2025,25A000,EDS,32.9,NotMet,57.8,38,F
2025,260302,ALL,,,,75,B
2025,260302,BL7,,,,54,D
2025,260302,EDS,,,,62,C
2025,260306,ALL,74,Met,81.9,76,B
2025,260306,BL7,68,Met,81.8,71,B
2025,260306,EDS,62.9,Met,80,66,C
2025,260308,ALL,54.9,Met,81.4,60,C
2025,260308,BL7,35.5,Met,76.3,44,D
2025,260308,EDS,43.5,Met,77.7,50,D
2025,260310,ALL,48.3,Exceeded,91.1,57,C
2025,260310,BL7,41.1,Exceeded,87.7,50,D
2025,260310,EDS,44.9,Exceeded,86.6,53,D
2025,260312,ALL,92,Exceeded,88.9,91,A
2025,260318,ALL,76.2,Exceeded,95.9,80,B
2025,260318,BL7,68.3,Exceeded,90.3,73,B
2025,260318,EDS,66.4,Exceeded,86.7,70,B
2025,260320,ALL,46,Met,78.5,53,D
2025,260320,BL7,41.1,Met,77.6,48,D
2025,260320,EDS,40,Met,73.5,47,D
2025,260321,ALL,33.3,NotMet,55.8,38,F
2025,260321,BL7,29.3,NotMet,56.6,35,F
2025,260321,EDS,30.6,NotMet,57.9,36,F
2025,260322,ALL,51.9,Met,84.3,58,C
2025,260322,BL7,48.2,Met,81.9,55,C
2025,260322,EDS,49.4,Met,82.3,56,C
2025,260325,ALL,70.8,Exceeded,92.1,75,B
2025,260325,BL7,59.7,Exceeded,85.4,65,C
2025,260325,EDS,63.7,Exceeded,87.3,68,C
2025,260326,ALL,43.1,NotMet,65,47,D
2025,260326,BL7,38.4,Met,71.1,45,D
2025,260326,EDS,38.7,NotMet,66.4,44,D
2025,260332,ALL,74.7,Met,81.3,76,B
2025,260332,BL7,71.4,Met,81.2,73,B
2025,260332,EDS,60.8,Met,81,65,C
2025,260336,ALL,47.7,Exceeded,86.7,56,C
2025,260336,BL7,44,Exceeded,85.1,52,D
2025,260336,EDS,39.9,Met,84.2,49,D
2025,260338,ALL,38.1,Met,77.2,46,D
2025,260338,BL7,35.1,Met,75.3,43,D
2025,260338,EDS,33.5,Met,73.8,42,D
2025,260340,ALL,42.1,Met,82.4,50,D
2025,260340,BL7,36.5,Met,81.3,45,D
2025,260340,EDS,36,Met,77.6,44,D
2025,260342,ALL,57,Met,74.7,61,C
2025,260342,BL7,50.6,Met,73,55,C
2025,260342,EDS,51.7,Met,78.8,57,C
2025,260344,ALL,40,NotMet,69.1,46,D
2025,260344,BL7,35.3,Met,77.1,44,D
2025,260344,EDS,36.6,Met,75.3,44,D
2025,260347,ALL,93.1,Exceeded,96,94,A
2025,260347,BL7,96,Exceeded,94,96,A
2025,260347,EDS,92.4,Exceeded,93.9,93,A
2025,260348,ALL,44.3,Met,84,52,D
2025,260348,BL7,42.9,Met,80.5,50,D
2025,260348,EDS,39,Met,80.4,47,D
2025,260352,ALL,47.8,Met,80.8,54,D
2025,260352,BL7,45.5,Met,80.9,53,D
2025,260352,EDS,39.2,Met,76.4,47,D
2025,260354,ALL,97.8,Exceeded,95,97,A
2025,260354,BL7,97.4,Exceeded,91.3,96,A
2025,260354,EDS,98.7,Exceeded,93.2,98,A
2025,260356,ALL,55.6,Met,73,59,C
2025,260356,EDS,35.9,Met,77.7,44,D
2025,260357,ALL,70.4,NotMet,59.9,68,C
2025,260357,BL7,64.2,NotMet,67.9,65,C
2025,260357,EDS,59.2,NotMet,59.3,59,C
2025,260358,ALL,36.8,Met,78,45,D
2025,260358,BL7,33.6,Met,73.5,42,D
2025,260358,EDS,35.4,Met,79.6,44,D
2025,260359,ALL,54.4,Met,84.7,60,C
2025,260359,BL7,51.1,Met,83.4,58,C
2025,260359,EDS,47.7,Met,83.1,55,C
2025,260361,ALL,34,Met,76.7,43,D
2025,260361,BL7,30.9,Met,74.9,40,D
2025,260361,EDS,30.7,Met,75.2,40,D
2025,260362,ALL,53.5,Met,84.9,60,C
2025,260362,BL7,45.5,Met,84.9,53,D
2025,260362,EDS,40.8,Met,84.2,49,D
2025,260363,ALL,,,,60,C
2025,260363,BL7,,,,44,D
2025,260363,EDS,,,,50,D
2025,260364,ALL,56.8,NotMet,64.4,58,C
2025,260364,BL7,40.7,NotMet,64.4,45,D
2025,260364,EDS,45.3,Met,70.8,50,D
2025,260365,ALL,50.6,NotMet,66.3,54,D
2025,260365,BL7,35.9,NotMet,60,41,D
2025,260365,EDS,38.8,NotMet,65.3,44,D
2025,260366,ALL,61.8,Met,77.2,65,C
2025,260366,BL7,59.2,Met,73.5,62,C
2025,260366,EDS,53.9,Met,75.5,58,C
2025,260367,ALL,43.7,Met,76.2,50,D
2025,260367,BL7,41.4,Met,72.7,48,D
2025,260367,EDS,36.5,Met,75.1,44,D
2025,260368,ALL,52.6,Exceeded,90.4,60,C
2025,260368,BL7,39.1,Met,84.8,48,D
2025,260368,EDS,46.9,Met,83.9,54,D
2025,260369,ALL,64.2,Met,75.8,67,C
2025,260369,BL7,51.8,Met,80.5,58,C
2025,260369,EDS,47.6,NotMet,69.5,52,D
2025,260370,ALL,38.6,Met,72.4,45,D
2025,260370,BL7,32.1,Met,79.8,42,D
2025,260370,EDS,33.2,Met,75.8,42,D
2025,260372,ALL,39.4,Exceeded,85,49,D
2025,260372,BL7,37.5,Met,83.6,47,D
2025,260372,EDS,36.1,Exceeded,86.1,46,D
2025,260373,ALL,60.4,NotMet,66.3,62,C
2025,260373,BL7,53.8,Met,80.5,59,C
2025,260373,EDS,48.6,Met,72.2,53,D
2025,260375,ALL,73,Met,82.5,75,B
2025,260375,BL7,66,Met,84.7,70,B
2025,260375,EDS,62.5,Met,78.1,66,C
2025,260380,ALL,68.1,Met,76.2,70,B
2025,260380,BL7,61,Met,73.8,64,C
2025,260380,EDS,57.3,Met,79,62,C
2025,260382,ALL,40.4,NotMet,62.4,45,D
2025,260382,BL7,34.1,NotMet,64.5,40,D
2025,260382,EDS,38.4,NotMet,66.4,44,D
2025,260383,ALL,53.1,NotMet,50,52,D
2025,260383,BL7,38.6,NotMet,66.5,44,D
2025,260383,EDS,42.4,NotMet,52.6,44,D
2025,260386,ALL,45,Met,72,50,D
2025,260386,BL7,40.6,NotMet,67.5,46,D
2025,260386,EDS,40.6,Met,72.5,47,D
2025,260388,ALL,84.8,Exceeded,90.8,86,A
2025,260388,EDS,74.7,Exceeded,87.4,77,B
2025,260396,ALL,51.8,Met,75.2,56,C
2025,260396,BL7,40.8,Met,75.7,48,D
2025,260396,EDS,49.2,Met,72.8,54,D
2025,260397,ALL,65.2,Exceeded,90,70,B
2025,260397,BL7,53,Met,84.1,59,C
2025,260397,EDS,51.4,Exceeded,87.1,59,C
2025,260398,ALL,51.3,Met,79.4,57,C
2025,260398,BL7,43.4,Met,80.9,51,D
2025,260398,EDS,40.4,Met,76,48,D
2025,260400,ALL,50.1,NotMet,69.3,54,D
2025,260400,BL7,46.4,Met,70,51,D
2025,260400,EDS,47.3,NotMet,68.8,52,D
2025,260401,ALL,46.3,Met,74,52,D
2025,260401,BL7,36.6,Met,71.1,44,D
2025,260401,EDS,42.8,Met,79.1,50,D
2025,260402,ALL,46.3,Met,83.1,54,D
2025,260402,BL7,41.6,Met,82.3,50,D
2025,260402,EDS,43,Met,80.9,51,D
2025,260403,ALL,55.3,Met,76.6,60,C
2025,260403,BL7,44.9,Met,78.8,52,D
2025,260403,EDS,45.4,Met,78.5,52,D
2025,260404,ALL,53.2,Met,81.8,59,C
2025,260404,BL7,49.4,Met,81.4,56,C
2025,260404,EDS,43.7,Met,81.3,51,D
2025,260405,ALL,33.9,Met,71.3,41,D
2025,260405,BL7,31.6,Met,74.5,40,D
2025,260405,EDS,30.5,Met,71.2,39,F
2025,260406,ALL,54.7,Met,75.7,59,C
2025,260406,BL7,44.1,Met,74.5,50,D
2025,260406,EDS,41.3,NotMet,66.7,46,D
2025,260407,ALL,47.7,Met,73.9,53,D
2025,260407,BL7,42.8,Met,75.7,49,D
2025,260407,EDS,43.1,Met,79.8,50,D
2025,260408,ALL,67.6,Exceeded,100,74,B
2025,260408,BL7,61.4,Exceeded,98.9,69,C
2025,260408,EDS,60.7,Exceeded,97.8,68,C
2025,260410,ALL,61.6,Met,76.5,65,C
2025,260410,BL7,55.1,Met,74.2,59,C
2025,260410,EDS,53,Met,77.9,58,C
2025,260411,ALL,69.7,Met,77.4,71,B
2025,260411,BL7,65.9,Met,79.6,69,C
2025,260411,EDS,53,Met,76.8,58,C
2025,260412,ALL,,,,70,B
2025,260412,BL7,,,,64,C
2025,260412,EDS,,,,62,C
2025,260414,ALL,37.9,NotMet,57,42,D
2025,260414,BL7,34.6,NotMet,57.6,39,F
2025,260414,EDS,33.4,NotMet,58.4,38,F
2025,260415,ALL,66.4,Met,82.5,70,B
2025,260415,BL7,48.8,Met,79.7,55,C
2025,260415,EDS,61.3,Met,83.9,66,C
2025,260416,ALL,59,Met,83.2,64,C
2025,260416,BL7,50,Met,81.9,56,C
2025,260416,EDS,50.6,Met,78.9,56,C
2025,260417,ALL,63,Exceeded,91,69,C
2025,260417,BL7,52.7,Exceeded,87.8,60,C
2025,260417,EDS,49.4,Exceeded,86,57,C
2025,260418,ALL,73.2,Met,83.3,75,B
2025,260418,BL7,65.1,Exceeded,85.3,69,C
2025,260418,EDS,66.7,Met,84.8,70,B
2025,260419,ALL,58.9,Met,81.2,63,C
2025,260419,BL7,54.2,Met,79.9,59,C
2025,260419,EDS,55.2,Met,82,61,C
2025,260424,ALL,52.5,NotMet,69.9,56,C
2025,260424,BL7,49.1,NotMet,66.7,53,D
2025,260424,EDS,46.7,NotMet,65.7,51,D
2025,260425,ALL,43.5,Exceeded,93.2,53,D
2025,260425,BL7,37.8,Exceeded,90.3,48,D
2025,260425,EDS,35.4,Exceeded,87.2,46,D
2025,260426,ALL,59.7,Met,83.4,64,C
2025,260426,BL7,52.1,Met,78.6,57,C
2025,260426,EDS,56.8,Met,82.5,62,C
2025,260427,ALL,56.4,NotMet,58.2,57,C
2025,260427,BL7,52.1,NotMet,58.9,53,D
2025,260427,EDS,51.1,NotMet,59.4,53,D
2025,260428,ALL,39.1,Met,77.9,47,D
2025,260428,BL7,35.1,Met,76.5,43,D
2025,260428,EDS,35.1,Met,75.1,43,D
2025,260430,ALL,69.3,Met,80.3,72,B
2025,260430,EDS,59.9,Met,80,64,C
2025,260432,ALL,,,,72,B
2025,260432,EDS,,,,64,C
2025,260434,ALL,67.1,Exceeded,88.6,71,B
2025,260434,BL7,61.4,Met,84.5,66,C
2025,260434,EDS,47.4,Exceeded,85.2,55,C
2025,260440,ALL,52.2,Met,80.6,58,C
2025,260440,BL7,46,Met,80.8,53,D
2025,260440,EDS,48.1,Met,80.8,55,C
2025,260446,ALL,59.5,NotMet,60.6,60,C
2025,260446,BL7,48.9,NotMet,61,51,D
2025,260446,EDS,51.8,NotMet,59.6,53,D
2025,260448,ALL,71.4,Exceeded,88.3,75,B
2025,260448,BL7,45.7,Exceeded,86.5,54,D
2025,260448,EDS,56.2,Exceeded,85.7,62,C
2025,260450,ALL,37.4,Met,78.6,46,D
2025,260450,BL7,36.8,Met,80.8,46,D
2025,260450,EDS,33.2,Met,81.2,43,D
2025,260452,ALL,35.1,Met,84,45,D
2025,260452,BL7,33.4,Met,83.9,44,D
2025,260452,EDS,33.3,Met,83.4,43,D
2025,260454,ALL,46.3,Exceeded,99.3,57,C
2025,260454,BL7,43.5,Exceeded,95.4,54,D
2025,260454,EDS,42.7,Exceeded,96.1,53,D
2025,260455,ALL,55.3,NotMet,69.4,58,C
2025,260455,BL7,52.5,Met,70.7,56,C
2025,260455,EDS,51.2,Met,74.9,56,C
2025,260459,ALL,40.2,NotMet,69.7,46,D
2025,260459,BL7,35.3,NotMet,67.7,42,D
2025,260459,EDS,38,NotMet,66.4,44,D
2025,260460,ALL,57.5,Met,82.6,63,C
2025,260460,BL7,52.9,Met,84.3,59,C
2025,260460,EDS,50.9,Met,82.5,57,C
2025,260461,ALL,40.1,Met,79.5,48,D
2025,260461,BL7,36,Met,80.9,45,D
2025,260461,EDS,38.7,Met,78.3,47,D
2025,260700,ALL,93.6,Exceeded,96.6,94,A
2025,260700,BL7,93,Exceeded,90.5,93,A
2025,260700,EDS,90.8,Exceeded,95,92,A
2025,26B000,ALL,68.9,Exceeded,92.6,74,B
2025,26B000,BL7,68.6,Exceeded,90.7,73,B
2025,26B000,EDS,63.7,Exceeded,91.3,69,C
2025,26C000,ALL,49.6,Met,73.9,54,D
2025,26C000,BL7,42.8,Met,70.3,48,D
2025,26C000,EDS,41.3,Met,71.9,47,D
2025,270304,ALL,55.5,Met,81.8,61,C
2025,270304,EDS,41.3,Met,75.7,48,D
2025,270306,ALL,66.8,NotMet,59.7,65,C
2025,270306,EDS,55.8,NotMet,64.6,58,C
2025,270308,ALL,58,Met,84.9,63,C
2025,270308,EDS,50.9,Met,83.1,57,C
2025,270309,ALL,70.9,Met,82.8,73,B
2025,270309,EDS,62,Met,84.3,66,C
2025,270310,ALL,64.4,Met,70.7,66,C
2025,270310,EDS,57.2,Met,72.6,60,C
2025,270311,ALL,89.2,Exceeded,91,90,A
2025,270311,EDS,93.8,Met,84.7,92,A
2025,270312,ALL,73.4,Met,72.2,73,B
2025,270316,ALL,66.1,NotMet,62.2,65,C
2025,270316,EDS,43.6,NotMet,68.2,49,D
2025,270318,ALL,66.3,Exceeded,85,70,B
2025,270318,BL7,58.1,,,58,C
2025,270318,EDS,48.3,Met,72.4,53,D
2025,270320,ALL,70.8,Met,78.2,72,B
2025,270320,EDS,69.2,Met,80.4,71,B
2025,27A000,ALL,75,,,75,B
2025,280302,ALL,53.9,Met,79.6,59,C
2025,280302,EDS,36.9,Met,77.1,45,D
2025,280304,ALL,64.1,Met,82.3,68,C
2025,280304,EDS,47.3,Met,81.8,54,D
2025,280308,ALL,72.9,Met,84.9,75,B
2025,280308,EDS,63.2,Met,81.7,67,C
2025,280310,ALL,61.8,Exceeded,91.3,68,C
2025,280310,EDS,40.5,Met,83.6,49,D
2025,280312,ALL,49.5,NotMet,68.1,53,D
2025,280312,EDS,42,NotMet,64,46,D
2025,280316,ALL,72.5,Met,81.3,74,B
2025,280316,EDS,60.1,Met,80.5,64,C
2025,280320,ALL,56.9,Exceeded,90.2,64,C
2025,280320,EDS,39.6,Exceeded,85.8,49,D
2025,280324,ALL,53.1,Met,81.9,59,C
2025,280324,EDS,45.5,Met,80.5,53,D
2025,280328,ALL,69.4,Exceeded,92.2,74,B
2025,280328,EDS,58.5,Exceeded,85.7,64,C
2025,280330,ALL,81.6,Met,82.7,82,B
2025,280330,EDS,70.3,Met,79.6,72,B
2025,290302,ALL,64.2,NotMet,68.5,65,C
2025,290302,EDS,60.7,NotMet,66.2,62,C
2025,290306,ALL,72.8,NotMet,62.5,71,B
2025,290306,EDS,56.7,NotMet,66.6,59,C
2025,290307,ALL,54.4,Met,74.6,58,C
2025,290307,EDS,49.4,Met,80,56,C
2025,290308,ALL,63.4,NotMet,58.1,62,C
2025,290308,EDS,55.7,NotMet,59.6,56,C
2025,290309,ALL,59.7,Exceeded,86.9,65,C
2025,290309,EDS,50.8,Exceeded,85.1,58,C
2025,290312,ALL,45.8,Met,79.8,53,D
2025,290312,EDS,40.8,Met,80.4,49,D
2025,290315,ALL,98.3,Exceeded,87.8,96,A
2025,290316,ALL,62.1,Met,83.7,66,C
2025,290316,EDS,52.8,Met,81.7,59,C
2025,290320,ALL,56.5,Exceeded,88.5,63,C
2025,290320,EDS,48,Exceeded,85.2,55,C
2025,290322,ALL,50,NotMet,63.4,53,D
2025,290322,EDS,44.8,NotMet,65.2,49,D
2025,290324,ALL,64.2,NotMet,63.7,64,C
2025,290324,EDS,58.1,NotMet,64.5,59,C
2025,290328,ALL,53.1,Exceeded,87.6,60,C
2025,290328,EDS,50.9,Exceeded,85.2,58,C
2025,290330,ALL,67.6,Met,76.9,69,C
2025,290330,EDS,55.8,Met,79.3,61,C
2025,290332,ALL,72.3,Met,72.2,72,B
2025,290332,EDS,67,NotMet,69.4,67,C
2025,290333,ALL,70.3,Met,75.6,71,B
2025,290333,EDS,66.2,Met,78.6,69,C
2025,290334,ALL,59.6,NotMet,58.5,59,C
2025,290334,BL7,42.1,Met,72.3,48,D
2025,290334,EDS,49.8,NotMet,59.3,52,D
2025,290336,ALL,70,NotMet,58.4,68,C
2025,290336,BL7,28.6,Met,77,38,F
2025,290336,EDS,58.9,NotMet,64.2,60,C
2025,290344,ALL,64.1,NotMet,61.6,64,C
2025,290344,EDS,50,NotMet,67.1,53,D
2025,290348,ALL,71,NotMet,58.5,69,C
2025,290348,BL7,46.5,Met,76.7,53,D
2025,290348,EDS,59.8,NotMet,61.7,60,C
2025,290349,ALL,73.8,NotMet,69,73,B
2025,290349,EDS,58.9,NotMet,61.6,59,C
2025,290350,ALL,68.3,Exceeded,94.8,74,B
2025,290350,BL7,60.9,,,61,C
2025,290350,EDS,54.4,Exceeded,91.2,62,C
2025,290351,ALL,62.7,NotMet,50,60,C
2025,290351,BL7,36.8,Met,75.8,45,D
2025,290351,EDS,46,NotMet,54.2,48,D
2025,290352,ALL,58.2,Exceeded,88,64,C
2025,290352,EDS,55.4,Exceeded,85.6,61,C
2025,290356,ALL,53.4,Exceeded,88.7,60,C
2025,290356,EDS,47.8,Exceeded,85.5,55,C
2025,290364,ALL,48.3,NotMet,68.8,52,D
2025,290364,EDS,41.8,Met,75.6,49,D
2025,290365,ALL,57.4,Met,83.5,63,C
2025,290365,EDS,48.8,Met,83.3,56,C
2025,290366,ALL,63.4,Exceeded,89.1,69,C
2025,290366,EDS,58.4,Exceeded,87.5,64,C
2025,290375,ALL,48.4,Met,74,54,D
2025,290375,EDS,38.3,Met,73.1,45,D
2025,290376,ALL,50,Met,81.5,56,C
2025,290376,EDS,40.2,Met,80.6,48,D
2025,290380,ALL,68.3,NotMet,55.4,66,C
2025,290380,EDS,56.1,NotMet,64.9,58,C
2025,290384,ALL,52.2,Met,71.7,56,C
2025,290384,EDS,43.3,Met,72.9,49,D
2025,290388,ALL,63.8,NotMet,59.9,63,C
2025,290388,EDS,53,NotMet,58.9,54,D
2025,290389,ALL,75.8,Met,83.1,77,B
2025,290389,EDS,62.5,Met,83.3,67,C
2025,291308,ALL,44.8,NotMet,56.5,47,D
2025,291308,BL7,35.2,NotMet,59.7,40,D
2025,291308,EDS,39.9,NotMet,57.4,43,D
2025,291332,ALL,42.1,Exceeded,92.3,52,D
2025,291332,BL7,43.4,Exceeded,88.4,52,D
2025,291332,EDS,40.2,Exceeded,91.7,51,D
2025,291336,ALL,59.3,Met,78.1,63,C
2025,291336,BL7,57.4,Met,81.3,62,C
2025,291336,EDS,58.4,Met,75.7,62,C
2025,291340,ALL,42.4,Met,77.8,49,D
2025,291340,BL7,35,Met,78.6,44,D
2025,291340,EDS,36.9,Met,74.4,44,D
2025,291348,ALL,,,,47,D
2025,291348,BL7,,,,40,D
2025,291348,EDS,,,,43,D
2025,291352,ALL,53.1,Met,84.3,59,C
2025,291352,BL7,53.6,Met,81.6,59,C
2025,291352,EDS,51.8,Met,83.8,58,C
2025,292316,ALL,37.3,Exceeded,92.3,48,D
2025,292316,BL7,30.7,Exceeded,85.3,42,D
2025,292316,EDS,34.4,Exceeded,91.7,46,D
2025,292318,ALL,38.2,NotMet,69.4,44,D
2025,292318,BL7,29.4,Met,74.3,38,F
2025,292318,EDS,38.9,Met,70.5,45,D
2025,292320,ALL,29.2,NotMet,55,34,F
2025,292320,BL7,22.9,NotMet,62.1,31,F
2025,292320,EDS,26.3,NotMet,55,32,F
2025,292324,ALL,50.6,NotMet,64.7,53,D
2025,292324,BL7,46.3,NotMet,64.7,50,D
2025,292324,EDS,47.3,NotMet,65.5,51,D
2025,29A000,ALL,51.9,NotMet,57.5,53,D
2025,29A000,BL7,35.2,NotMet,69.6,42,D
2025,29A000,EDS,41.5,NotMet,58.6,45,D
2025,300308,ALL,50.7,Met,79.3,56,C
2025,300308,EDS,46.1,Met,79.4,53,D
2025,300310,ALL,49.9,NotMet,58.2,52,D
2025,300310,EDS,42.6,NotMet,57.5,46,D
2025,300312,ALL,65.9,NotMet,50,63,C
2025,300312,BL7,20.3,NotMet,63.4,29,F
2025,300312,EDS,52.8,NotMet,50.2,52,D
2025,300314,ALL,77.3,Met,80.1,78,B
2025,300314,EDS,65.8,Met,76.1,68,C
2025,300316,ALL,57.8,,,58,C
2025,300316,EDS,50,,,50,D
2025,300320,ALL,56.7,Exceeded,85.7,63,C
2025,300320,BL7,35.9,Met,75.1,44,D
2025,300320,EDS,49.5,Met,82.3,56,C
2025,300325,ALL,67.3,Exceeded,85.8,71,B
2025,300325,EDS,58.1,Met,83,63,C
2025,300326,ALL,59.8,Met,82.6,64,C
2025,300326,EDS,45.3,Met,81.2,52,D
2025,300328,ALL,80.5,Exceeded,86.5,82,B
2025,300328,EDS,64.8,Met,81.6,68,C
2025,300330,ALL,49.1,Met,81.1,56,C
2025,300330,BL7,27.2,Met,81.1,38,F
2025,300330,EDS,42.4,Met,80.4,50,D
2025,300336,ALL,62.7,Exceeded,85.8,67,C
2025,300336,EDS,55.5,Met,84.9,61,C
2025,300337,ALL,73.4,Exceeded,88.4,76,B
2025,300337,EDS,59.3,Met,83.3,64,C
2025,310304,ALL,40.2,Exceeded,89.3,50,D
2025,310304,BL7,33.3,,,33,F
2025,310304,EDS,36.5,Exceeded,88.1,47,D
2025,310308,ALL,39.9,NotMet,67.7,45,D
2025,310308,BL7,19.9,Met,80.9,32,F
2025,310308,EDS,29.7,NotMet,67.4,37,F
2025,310330,ALL,51.7,NotMet,60.7,54,D
2025,310330,BL7,33.3,,,33,F
2025,310330,EDS,41.3,NotMet,67.6,47,D
2025,310336,ALL,31.4,NotMet,68,39,F
2025,310336,BL7,26.7,NotMet,65.3,34,F
2025,310336,EDS,30.3,Met,70.9,38,F
2025,310338,ALL,78.1,Exceeded,93.2,81,B
2025,310338,EDS,73.8,Exceeded,90.7,77,B
2025,310344,ALL,61.3,NotMet,56.6,60,C
2025,310344,BL7,27,Met,73.5,36,F
2025,310344,EDS,56.6,NotMet,58.7,57,C
2025,310352,ALL,47.7,Met,75.7,53,D
2025,310352,BL7,42.9,Met,84.2,51,D
2025,310352,EDS,45,Met,76.4,51,D
2025,310356,ALL,45.2,Met,77.9,52,D
2025,310356,BL7,32,Met,76.4,41,D
2025,310356,EDS,37.6,Met,80,46,D
2025,310360,ALL,54.8,Met,80,60,C
2025,310360,EDS,43.1,Met,78.5,50,D
2025,310364,ALL,58.5,Exceeded,92.1,65,C
2025,310364,BL7,38.9,,,39,F
2025,310364,EDS,50.2,Exceeded,87.1,58,C
2025,310384,ALL,28.1,Exceeded,89.7,40,D
2025,310384,BL7,24,Met,81.4,35,F
2025,310384,EDS,25.8,Exceeded,89.1,38,F
2025,310388,ALL,29.1,NotMet,67,37,F
2025,310388,BL7,20.1,NotMet,67.6,30,F
2025,310388,EDS,23.9,NotMet,68.2,33,F
2025,310392,ALL,47.1,NotMet,62.4,50,D
2025,310392,BL7,45.3,Met,70.7,50,D
2025,310392,EDS,44.9,NotMet,66.1,49,D
2025,320304,ALL,44.8,Met,80.7,52,D
2025,320304,BL7,46,Met,77.3,52,D
2025,320304,EDS,37.6,Met,76.7,45,D
2025,320306,ALL,36.5,Exceeded,86.1,46,D
2025,320306,BL7,25.1,Met,74,35,F
2025,320306,EDS,28.2,Met,74.9,38,F
2025,320308,ALL,67.6,Exceeded,93.5,73,B
2025,320308,BL7,58.7,Exceeded,89.2,65,C
2025,320308,EDS,60,Exceeded,93.4,67,C
2025,320309,ALL,91.5,Exceeded,100,93,A
2025,320309,BL7,89.9,Exceeded,95.8,91,A
2025,320309,EDS,93.9,Exceeded,94.7,94,A
2025,320310,ALL,43,Exceeded,85.5,52,D
2025,320310,BL7,43.2,Met,80.3,51,D
2025,320310,EDS,41.2,Met,83.7,50,D
2025,320312,ALL,65.9,Met,73.7,67,C
2025,320312,BL7,55.4,Met,73.2,59,C
2025,320312,EDS,46.7,Met,73.6,52,D
2025,320313,ALL,74.2,Met,84.5,76,B
2025,320313,BL7,59.8,Met,75.2,63,C
2025,320313,EDS,53.8,Met,77,58,C
2025,320314,ALL,54.1,Exceeded,87,61,C
2025,320314,BL7,42.5,Met,83.6,51,D
2025,320314,EDS,43,Met,84.5,51,D
2025,320315,ALL,44.2,Exceeded,87,53,D
2025,320315,BL7,36.4,Met,80.1,45,D
2025,320315,EDS,38.4,Exceeded,85.6,48,D
2025,320316,ALL,41.8,Exceeded,85.3,51,D
2025,320316,BL7,39.4,Met,84.2,48,D
2025,320316,EDS,34.8,Met,80.1,44,D
2025,320317,ALL,91.2,Exceeded,98,93,A
2025,320317,BL7,87.3,Exceeded,90.4,88,A
2025,320317,EDS,92,Exceeded,93.3,92,A
2025,320318,ALL,61.1,Met,83.2,66,C
2025,320318,BL7,29.5,Met,75.8,39,F
2025,320318,EDS,34.3,Met,78.4,43,D
2025,320319,ALL,47.3,Met,82.1,54,D
2025,320319,BL7,24.5,Met,80.3,36,F
2025,320319,EDS,24.1,Met,77.6,35,F
2025,320320,ALL,53.3,Met,82.9,59,C
2025,320320,BL7,47,Met,77.3,53,D
2025,320320,EDS,48.9,Met,76.2,54,D
2025,320323,ALL,77.4,Exceeded,93.9,81,B
2025,320323,BL7,67.2,Exceeded,89.1,72,B
2025,320323,EDS,57.5,Exceeded,87.8,64,C
2025,320324,ALL,40.5,Met,72.9,47,D
2025,320324,BL7,31,Met,73.8,40,D
2025,320324,EDS,31.7,Met,70.1,39,F
2025,320325,ALL,48.3,Met,70.5,53,D
2025,320325,BL7,51.1,Met,73.4,56,C
2025,320325,EDS,45,NotMet,65.3,49,D
2025,320327,ALL,47.9,Met,84.5,55,C
2025,320327,BL7,41.3,Met,84.6,50,D
2025,320327,EDS,35.4,Met,80,44,D
2025,320328,ALL,48.1,Exceeded,88.6,56,C
2025,320328,BL7,40.4,Met,81,49,D
2025,320328,EDS,45.8,Met,83.5,53,D
2025,320332,ALL,52.8,Exceeded,86.8,60,C
2025,320332,BL7,26.6,Met,75.9,36,F
2025,320332,EDS,27.9,Met,73.7,37,F
2025,320338,ALL,51.3,Exceeded,96.1,60,C
2025,320338,BL7,49.2,Exceeded,94.2,58,C
2025,320338,EDS,44.9,Exceeded,91.9,54,D
2025,320339,ALL,41,Met,80.3,49,D
2025,320339,BL7,28.8,Met,71.1,37,F
2025,320339,EDS,25.8,Met,72.5,35,F
2025,320340,ALL,56.4,Met,84.5,62,C
2025,320340,EDS,36,Met,78.7,45,D
2025,320342,ALL,84.5,Exceeded,94.4,86,A
2025,320342,BL7,64.7,Exceeded,86.7,69,C
2025,320342,EDS,55.6,Exceeded,85,61,C
2025,320343,ALL,40.8,Exceeded,88.5,50,D
2025,320343,BL7,39.5,Exceeded,87.2,49,D
2025,320343,EDS,35.8,Met,84.7,46,D
2025,320344,ALL,42.6,Met,83.3,51,D
2025,320344,BL7,52.5,Met,82.5,59,C
2025,320344,EDS,43.3,Met,81.8,51,D
2025,320346,ALL,24.8,Met,70.4,34,F
2025,320346,BL7,20.8,Met,71.1,31,F
2025,320346,EDS,20.8,Met,74.2,31,F
2025,320347,ALL,67.2,Met,80,70,B
2025,320347,EDS,24.4,Met,80,36,F
2025,320348,ALL,75,Exceeded,87.9,78,B
2025,320348,EDS,60.2,Exceeded,85.8,65,C
2025,320349,ALL,72.1,Exceeded,88.7,75,B
2025,320349,BL7,46.6,Met,84.4,54,D
2025,320349,EDS,43.9,Met,83.1,52,D
2025,320351,ALL,45.3,NotMet,68.1,50,D
2025,320351,BL7,31.4,NotMet,63.7,38,F
2025,320351,EDS,29.2,NotMet,65.4,36,F
2025,320352,ALL,52.1,Exceeded,86.5,59,C
2025,320352,BL7,43.3,Met,77.3,50,D
2025,320352,EDS,47.5,Met,83,55,C
2025,320353,ALL,90.8,,,93,A
2025,320354,ALL,73,Exceeded,88.2,76,B
2025,320354,EDS,39.7,,,40,D
2025,320355,ALL,34.2,Met,72.9,42,D
2025,320355,BL7,36.5,Met,76.2,44,D
2025,320355,EDS,30.1,Met,81.2,40,D
2025,320356,ALL,51.2,NotMet,56.6,52,D
2025,320356,BL7,47.7,NotMet,62.7,51,D
2025,320356,EDS,44.7,NotMet,56.5,47,D
2025,320360,ALL,63.3,Exceeded,93.3,69,C
2025,320360,BL7,55.1,Exceeded,87.1,62,C
2025,320360,EDS,57.7,Exceeded,89.6,64,C
2025,320362,ALL,35.6,NotMet,62.3,41,D
2025,320362,BL7,27,NotMet,68.9,35,F
2025,320362,EDS,27.9,NotMet,66.2,36,F
2025,320363,ALL,54.8,NotMet,67.6,57,C
2025,320363,BL7,20,Met,75.8,31,F
2025,320363,EDS,25.2,NotMet,68.3,34,F
2025,320364,ALL,73.1,Met,84.1,75,B
2025,320364,BL7,54.9,Met,75.5,59,C
2025,320364,EDS,53.9,Met,76.8,58,C
2025,320365,ALL,59.4,Met,70.5,62,C
2025,320365,BL7,46.4,NotMet,68.3,51,D
2025,320365,EDS,44.6,NotMet,65.1,49,D
2025,320366,ALL,50.8,Exceeded,85.3,58,C
2025,320366,BL7,40,Met,78,48,D
2025,320366,EDS,35,Met,83.4,45,D
2025,320367,ALL,45.2,Met,77.1,52,D
2025,320367,BL7,39.9,Met,79.2,48,D
2025,320367,EDS,33.8,Met,71.2,41,D
2025,320368,ALL,43.7,Met,71.5,49,D
2025,320368,BL7,42.3,Met,71.6,48,D
2025,320368,EDS,40.4,NotMet,66.8,46,D
2025,320369,ALL,48.1,NotMet,58.2,50,D
2025,320369,BL7,42.9,NotMet,59.8,46,D
2025,320369,EDS,42.6,NotMet,59.9,46,D
2025,320370,ALL,68.5,Exceeded,90.6,73,B
2025,320370,BL7,58.9,Met,84.5,64,C
2025,320370,EDS,49.3,Exceeded,87,57,C
2025,320372,ALL,64.8,Met,81.5,68,C
2025,320372,BL7,48.4,Met,79.6,55,C
2025,320372,EDS,46.6,Met,82.6,54,D
2025,320374,ALL,39.7,Exceeded,90.6,50,D
2025,320374,BL7,35.2,Exceeded,88.3,46,D
2025,320374,EDS,35.6,Exceeded,89.9,46,D
2025,320376,ALL,54.1,Met,81.7,60,C
2025,320376,BL7,46.3,Met,83.1,54,D
2025,320376,EDS,37.5,Met,82.6,47,D
2025,320388,ALL,46.1,Met,80.8,53,D
2025,320388,BL7,39.9,Met,80.5,48,D
2025,320388,EDS,42.5,Met,80.4,50,D
2025,320400,ALL,27.1,Met,71.3,36,F
2025,320400,BL7,25,Met,77.3,35,F
2025,320400,EDS,28.8,Met,74.6,38,F
2025,320401,ALL,43.5,Met,76.3,50,D
2025,320401,BL7,25.4,Met,80.4,36,F
2025,320401,EDS,27.6,Met,80.6,38,F
2025,320701,ALL,76.6,Exceeded,93.2,80,B
2025,320701,BL7,74.6,Exceeded,89.7,78,B
2025,320701,EDS,66.1,Exceeded,87.4,70,B
2025,32A000,ALL,49.4,Exceeded,87.9,57,C
2025,32A000,BL7,43.3,Exceeded,87.1,52,D
2025,32A000,EDS,46.6,Met,83.4,54,D
2025,32B000,ALL,59.7,Exceeded,99.2,68,C
2025,32B000,BL7,63.1,Exceeded,87.8,68,C
2025,32B000,EDS,58.8,Exceeded,93.2,66,C
2025,32C000,ALL,29.9,Met,81.1,40,D
2025,32C000,BL7,31.3,Met,81.7,41,D
2025,32C000,EDS,32,Met,80.9,42,D
2025,32D000,ALL,47.4,Met,76.4,53,D
2025,32D000,BL7,42,Met,75.6,49,D
2025,32D000,EDS,35.2,Met,71.6,42,D
2025,32H000,ALL,40,NotMet,69.6,46,D
2025,32H000,BL7,35.8,NotMet,61.9,41,D
2025,32H000,EDS,32.5,Met,70.9,40,D
2025,32K000,ALL,59.3,NotMet,60.2,59,C
2025,32K000,BL7,30.5,Met,70.2,38,F
2025,32K000,EDS,32.6,NotMet,65,39,F
2025,32L000,ALL,73.4,Exceeded,87.3,76,B
2025,32L000,BL7,65.1,Met,81.1,68,C
2025,32L000,EDS,46.1,Met,73,51,D
2025,32M000,ALL,37.1,Exceeded,89,47,D
2025,32M000,BL7,36,Exceeded,87.2,46,D
2025,32M000,EDS,38.1,Exceeded,89.6,48,D
2025,32N000,ALL,82.4,Met,83,83,B
2025,32N000,BL7,47.8,Met,77.7,54,D
2025,32N000,EDS,58.2,Met,78.9,62,C
2025,32P000,ALL,48.4,Exceeded,100,59,C
2025,32P000,BL7,52.2,Exceeded,97.5,61,C
2025,32P000,EDS,51.3,Exceeded,100,61,C
2025,32Q000,ALL,56.1,Exceeded,99.1,65,C
2025,32Q000,BL7,45.3,,,45,D
2025,32Q000,EDS,54.8,Exceeded,97.8,63,C
2025,32R000,ALL,53.2,NotMet,59.6,54,D
2025,32R000,BL7,42.6,NotMet,68.1,48,D
2025,32R000,EDS,35.6,NotMet,59.4,40,D
2025,32S000,ALL,32.7,Exceeded,96.2,45,D
2025,32S000,BL7,26.4,Exceeded,89.5,39,F
2025,32S000,EDS,34.9,Exceeded,91.3,46,D
2025,32T000,ALL,54.8,NotMet,68.7,58,C
2025,32T000,BL7,38.5,Met,78.9,47,D
2025,32T000,EDS,39.3,NotMet,65.8,45,D
2025,330304,ALL,36.6,Exceeded,86.1,47,D
2025,330304,BL7,34.3,Exceeded,85.7,45,D
2025,330304,EDS,34.2,Met,84.7,44,D
2025,330308,ALL,57.2,Met,79.3,62,C
2025,330308,BL7,50,Met,76,55,C
2025,330308,EDS,51.8,Met,78,57,C
2025,330312,ALL,30.5,Met,83,41,D
2025,330312,BL7,29.5,Met,80.4,40,D
2025,330312,EDS,31.3,Met,82.7,42,D
2025,330326,ALL,91.6,Exceeded,89.6,91,A
2025,330326,EDS,94.6,,,95,A
2025,330328,ALL,40.5,Met,74.3,47,D
2025,330328,BL7,38.3,Met,72.4,45,D
2025,330328,EDS,35.6,Met,73.4,43,D
2025,330332,ALL,36.1,Met,84.3,46,D
2025,330332,BL7,31.2,Met,84.8,42,D
2025,330332,EDS,33,Exceeded,85.1,43,D
2025,330334,ALL,34.6,Met,75,43,D
2025,330334,BL7,27.5,Met,78.1,38,F
2025,330334,EDS,33.3,Met,73.2,41,D
2025,330340,ALL,47.2,Met,81.9,54,D
2025,330340,BL7,31.8,Met,77.2,41,D
2025,330340,EDS,42.3,Met,80.2,50,D
2025,330344,ALL,34.8,Met,75.7,43,D
2025,330344,BL7,30.3,Met,76.8,40,D
2025,330344,EDS,34.6,Met,75.5,43,D
2025,330348,ALL,32.8,Exceeded,87.2,44,D
2025,330348,BL7,25.8,Exceeded,85.5,38,F
2025,330348,EDS,30.2,Exceeded,85.8,41,D
2025,330350,ALL,48.2,NotMet,50,49,D
2025,330350,BL7,40,NotMet,50,42,D
2025,330350,EDS,43.5,NotMet,50,45,D
2025,330354,ALL,33.9,Met,72.1,42,D
2025,330354,BL7,28.3,Met,70.7,37,F
2025,330354,EDS,29.1,Met,70.5,37,F
2025,330358,ALL,45.9,NotMet,60.4,49,D
2025,330358,BL7,41.6,NotMet,59.4,45,D
2025,330358,EDS,39.4,NotMet,59.6,43,D
2025,330360,ALL,43.3,Exceeded,89.6,53,D
2025,330360,BL7,35.3,Exceeded,86.4,46,D
2025,330360,EDS,35.9,Exceeded,87.9,46,D
2025,330368,ALL,77.8,,,78,B
2025,330372,ALL,,,,25,F
2025,330372,BL7,,,,24,F
2025,330372,EDS,,,,24,F
2025,330374,ALL,14,NotMet,69.3,25,F
2025,330374,BL7,13.2,NotMet,69.4,24,F
2025,330374,EDS,13,NotMet,69.7,24,F
2025,330376,ALL,18.8,Met,70.4,29,F
2025,330376,BL7,18.9,Met,70.5,29,F
2025,330376,EDS,19.1,Met,70.7,29,F
2025,330378,ALL,20.8,NotMet,68.7,30,F
2025,330378,BL7,20.7,Met,74.8,32,F
2025,330378,EDS,18.7,NotMet,68.7,29,F
2025,33A000,ALL,61.2,Exceeded,92.2,67,C
2025,33A000,BL7,45.3,Exceeded,85.6,53,D
2025,33A000,EDS,54.8,Exceeded,89.5,62,C
2025,340308,ALL,31.5,Met,82.3,42,D
2025,340308,BL7,31.8,Met,73.1,40,D
2025,340308,EDS,33,Met,83.3,43,D
2025,340311,ALL,87.4,Exceeded,100,90,A
2025,340311,BL7,76.3,Exceeded,90.4,79,B
2025,340311,EDS,78,Exceeded,94.6,81,B
2025,340314,ALL,48,Met,80,54,D
2025,340314,BL7,47.7,Met,82.2,55,C
2025,340314,EDS,47.3,Met,81.5,54,D
2025,340320,ALL,58.7,Met,73.1,62,C
2025,340320,BL7,40,Met,73.5,47,D
2025,340320,EDS,40.5,Met,76.1,48,D
2025,340326,ALL,59.4,NotMet,68.9,61,C
2025,340326,BL7,48.6,Met,72.4,53,D
2025,340326,EDS,50.3,Met,76.5,56,C
2025,340330,ALL,35.3,Met,72.7,43,D
2025,340330,BL7,35.1,Met,78.4,44,D
2025,340330,EDS,34.7,Met,71.3,42,D
2025,340334,ALL,64,Met,70.7,65,C
2025,340334,BL7,43.5,Met,79.4,51,D
2025,340334,EDS,52.8,Met,74,57,C
2025,340348,ALL,82,Met,73.2,80,B
2025,340348,BL7,73.9,Met,78.2,75,B
2025,340348,EDS,70.2,NotMet,68.1,70,B
2025,340350,ALL,56.9,Met,71,60,C
2025,340350,BL7,40.3,NotMet,67.3,46,D
2025,340350,EDS,43.7,Met,70.5,49,D
2025,340351,ALL,43.4,Met,83.8,51,D
2025,340351,BL7,44.4,Met,82.9,52,D
2025,340351,EDS,43.2,Met,83.4,51,D
2025,340354,ALL,74.6,Met,77.7,75,B
2025,340354,BL7,62,Met,81.5,66,C
2025,340354,EDS,59.2,Met,75.8,63,C
2025,340362,ALL,92.4,Met,83.4,91,A
2025,340362,EDS,85.7,Met,81.3,85,A
2025,340364,ALL,59,NotMet,56,58,C
2025,340364,BL7,46.4,NotMet,58.9,49,D
2025,340364,EDS,50.3,NotMet,57.5,52,D
2025,340366,ALL,27.1,NotMet,56.7,33,F
2025,340366,BL7,21.8,NotMet,62.7,30,F
2025,340366,EDS,24.3,NotMet,57.9,31,F
2025,340368,ALL,26.5,Met,77.1,37,F
2025,340368,BL7,24.4,Met,80,36,F
2025,340368,EDS,26.1,Met,77.4,36,F
2025,340372,ALL,23.2,NotMet,50.4,29,F
2025,340372,BL7,19.5,NotMet,56.5,27,F
2025,340372,EDS,22.2,NotMet,53.4,28,F
2025,340376,ALL,40.3,Exceeded,93.9,51,D
2025,340376,BL7,39.1,Exceeded,85.7,48,D
2025,340376,EDS,39.3,Exceeded,92.7,50,D
2025,340380,ALL,23.8,NotMet,61.7,31,F
2025,340380,BL7,17.5,NotMet,67,27,F
2025,340380,EDS,20.6,NotMet,66.2,30,F
2025,340382,ALL,43.6,NotMet,56.6,46,D
2025,340382,BL7,40.5,NotMet,63.7,45,D
2025,340382,EDS,38.3,NotMet,55.2,42,D
2025,340384,ALL,49.2,Met,74.7,54,D
2025,340384,BL7,46.8,Met,75.4,53,D
2025,340384,EDS,43.1,Met,71.9,49,D
2025,340390,ALL,38.9,Met,82.9,48,D
2025,340390,BL7,37.3,Met,82.4,46,D
2025,340390,EDS,38.7,Met,80.9,47,D
2025,340392,ALL,48.7,NotMet,53.2,50,D
2025,340392,BL7,34.2,NotMet,63.3,40,D
2025,340392,EDS,26,NotMet,56.3,32,F
2025,340398,ALL,29.6,NotMet,57.6,35,F
2025,340398,BL7,20.8,NotMet,65.4,30,F
2025,340398,EDS,23.7,NotMet,59.2,31,F
2025,340400,ALL,32.8,NotMet,57.9,38,F
2025,340400,BL7,33.3,NotMet,65.5,40,D
2025,340400,EDS,29.7,NotMet,59.1,36,F
2025,340403,ALL,75.4,Met,81.4,77,B
2025,340403,BL7,61.1,Met,81.1,65,C
2025,340403,EDS,57.9,Met,77.3,62,C
2025,340406,ALL,68.2,Met,78.8,70,B
2025,340406,BL7,43.4,NotMet,66.3,48,D
2025,340406,EDS,50.1,Met,76.6,55,C
2025,340416,ALL,49.9,Met,78.3,56,C
2025,340416,BL7,39.6,Met,78.2,47,D
2025,340416,EDS,47.7,Met,77,54,D
2025,340420,ALL,53.6,Met,82.4,59,C
2025,340420,BL7,43.6,Exceeded,85.7,52,D
2025,340420,EDS,37.7,Met,80.8,46,D
2025,340424,ALL,42.2,Met,81.1,50,D
2025,340424,BL7,39.2,Met,81.1,48,D
2025,340424,EDS,43.5,Met,82,51,D
2025,340426,ALL,52.7,Met,80.3,58,C
2025,340426,BL7,44.7,Met,77.2,51,D
2025,340426,EDS,47.6,Met,75.2,53,D
2025,340428,ALL,44.2,Exceeded,89.1,53,D
2025,340428,BL7,41.2,Met,81.3,49,D
2025,340428,EDS,41.6,Exceeded,88,51,D
2025,340430,ALL,49.9,Met,80.1,56,C
2025,340430,BL7,47.1,Met,80.9,54,D
2025,340430,EDS,49.1,Met,80.8,55,C
2025,340432,ALL,85.8,NotMet,64,81,B
2025,340432,EDS,72.5,NotMet,62.2,70,B
2025,340434,ALL,69.3,NotMet,57.8,67,C
2025,340434,BL7,54.9,NotMet,68.2,58,C
2025,340434,EDS,57.5,NotMet,62.4,58,C
2025,340440,ALL,79,NotMet,66.3,76,B
2025,340440,BL7,51.5,NotMet,68.1,55,C
2025,340440,EDS,57.8,NotMet,69.9,60,C
2025,340442,ALL,66.4,NotMet,68.4,67,C
2025,340442,BL7,39.2,Met,75,46,D
2025,340442,EDS,44.3,NotMet,65.9,49,D
2025,340446,ALL,89.4,,,92,A
2025,340448,ALL,42.7,NotMet,66.7,48,D
2025,340448,BL7,33.9,Met,76.5,42,D
2025,340448,EDS,41.6,NotMet,69.3,47,D
2025,340452,ALL,19,NotMet,69.9,29,F
2025,340452,BL7,16.4,NotMet,58.3,25,F
2025,340452,EDS,18.7,Met,72.2,29,F
2025,340453,ALL,51.3,Met,79.4,57,C
2025,340453,BL7,41.1,Met,78.6,49,D
2025,340453,EDS,40.6,Met,79,48,D
2025,340454,ALL,60.1,NotMet,60.6,60,C
2025,340454,BL7,47.7,NotMet,62,51,D
2025,340454,EDS,44.7,NotMet,60.9,48,D
2025,340457,ALL,70.5,Exceeded,87.4,74,B
2025,340457,BL7,58.6,Met,84.9,64,C
2025,340457,EDS,59,Met,80.7,63,C
2025,340460,ALL,45.3,Met,78.3,52,D
2025,340460,BL7,43,Met,80.8,51,D
2025,340460,EDS,42.2,Met,79,50,D
2025,340462,ALL,21.7,Met,72.9,32,F
2025,340462,BL7,24.3,Met,76.3,35,F
2025,340462,EDS,22,Met,74.7,33,F
2025,340464,ALL,25.5,NotMet,50,30,F
2025,340464,BL7,23.1,NotMet,55.8,30,F
2025,340464,EDS,23,NotMet,52.5,29,F
2025,340472,ALL,68.5,Met,77.8,70,B
2025,340472,BL7,55.6,Met,75.9,60,C
2025,340472,EDS,53.4,Met,74.8,58,C
2025,340476,ALL,32.6,Met,71.8,40,D
2025,340476,BL7,26.9,Met,79.8,37,F
2025,340476,EDS,30.5,Met,73.5,39,F
2025,340480,ALL,29.5,NotMet,50,34,F
2025,340480,BL7,20.1,NotMet,51.9,26,F
2025,340480,EDS,19.5,NotMet,50,26,F
2025,340486,ALL,47.4,Met,84.2,55,C
2025,340486,BL7,49.3,Met,84.9,56,C
2025,340486,EDS,43.8,Met,82.1,51,D
2025,340488,ALL,52.8,Exceeded,87.7,60,C
2025,340488,BL7,40.8,Met,83.6,49,D
2025,340488,EDS,49.8,Exceeded,86.4,57,C
2025,340490,ALL,26.5,NotMet,60.7,33,F
2025,340490,BL7,25.4,NotMet,64.4,33,F
2025,340490,EDS,27.5,NotMet,60.9,34,F
2025,340492,ALL,20.3,NotMet,63.6,29,F
2025,340492,BL7,20.6,Met,81.3,33,F
2025,340492,EDS,20.3,NotMet,68.4,30,F
2025,340494,ALL,78.9,NotMet,64.3,76,B
2025,340494,EDS,66.1,Met,79.1,69,C
2025,340495,ALL,81.8,Exceeded,100,85,A
2025,340495,BL7,68.4,Exceeded,85.5,72,B
2025,340495,EDS,68.4,Exceeded,90.7,73,B
2025,340496,ALL,61,Met,78,64,C
2025,340496,BL7,48.4,Met,76.7,54,D
2025,340496,EDS,46.1,Met,71.7,51,D
2025,340504,ALL,47.9,Met,74,53,D
2025,340504,BL7,35.6,Met,79.7,44,D
2025,340504,EDS,40.1,Met,74.3,47,D
2025,340508,ALL,69.2,Exceeded,88.9,73,B
2025,340508,BL7,62.5,Met,84.1,67,C
2025,340508,EDS,58.3,Met,82.5,63,C
2025,340512,ALL,87.5,Met,76.2,85,A
2025,340512,EDS,62,Met,79,65,C
2025,340514,ALL,49.5,Met,83.1,56,C
2025,340514,BL7,47.4,Met,81,54,D
2025,340514,EDS,46.4,Met,83.6,54,D
2025,340516,ALL,32.9,NotMet,51.9,37,F
2025,340516,BL7,29.5,NotMet,60,36,F
2025,340516,EDS,26.7,NotMet,55.8,33,F
2025,340520,ALL,38,Met,78,46,D
2025,340520,BL7,29.5,Met,74.2,38,F
2025,340520,EDS,36.1,Met,78.9,45,D
2025,340528,ALL,74.1,NotMet,58.1,71,B
2025,340528,BL7,33.9,,,34,F
2025,340528,EDS,57.6,Met,71.7,60,C
2025,340530,ALL,60.1,NotMet,59.4,60,C
2025,340530,BL7,44.9,NotMet,64.1,49,D
2025,340530,EDS,41.6,NotMet,62.4,46,D
2025,340532,ALL,53.2,Met,70.3,57,C
2025,340532,BL7,42.3,Met,70.9,48,D
2025,340532,EDS,49.6,Met,79.1,56,C
2025,340536,ALL,79.1,Met,79.8,79,B
2025,340536,BL7,53.7,Met,74.3,58,C
2025,340536,EDS,65.9,NotMet,68.8,66,C
2025,340540,ALL,45,NotMet,69.8,50,D
2025,340540,BL7,35.4,Met,74,43,D
2025,340540,EDS,39.9,NotMet,66,45,D
2025,340542,ALL,53.6,NotMet,54,54,D
2025,340542,BL7,47.5,Met,74.8,53,D
2025,340542,EDS,49.9,NotMet,58.3,52,D
2025,340544,ALL,43.7,Exceeded,86.4,52,D
2025,340544,BL7,38.4,Exceeded,86,48,D
2025,340544,EDS,40.5,Exceeded,88.6,50,D
2025,340548,ALL,48.6,Exceeded,86.2,56,C
2025,340548,BL7,42.4,Met,80.1,50,D
2025,340548,EDS,44.8,Met,83.1,52,D
2025,340556,ALL,75.1,Met,80.4,76,B
2025,340556,BL7,63,Met,83.2,67,C
2025,340556,EDS,64,Met,83.8,68,C
2025,340560,ALL,83.7,Met,84.1,84,B
2025,340560,BL7,47.9,Met,79.3,54,D
2025,340560,EDS,57.8,Met,75.2,61,C
2025,340564,ALL,37.6,NotMet,56.1,41,D
2025,340564,BL7,28.5,NotMet,59.9,35,F
2025,340564,EDS,27.8,NotMet,55.2,33,F
2025,340568,ALL,22.5,Met,82.9,35,F
2025,340568,BL7,20.1,Met,81.8,32,F
2025,340568,EDS,22.9,Met,82.1,35,F
2025,34B000,ALL,42.5,NotMet,66.1,47,D
2025,34B000,BL7,41,NotMet,64.5,46,D
2025,34B000,EDS,36.8,NotMet,60.5,42,D
2025,34D000,ALL,24.3,Met,70,33,F
2025,34D000,BL7,31.1,Met,76.5,40,D
2025,34D000,EDS,26.9,NotMet,65.6,35,F
2025,34F000,ALL,37.7,NotMet,67.6,44,D
2025,34F000,BL7,34,Met,73.2,42,D
2025,34F000,EDS,35.6,NotMet,68.5,42,D
2025,34G000,ALL,67.8,Exceeded,93.2,73,B
2025,34G000,BL7,36.4,Exceeded,86.8,46,D
2025,34G000,EDS,54,Exceeded,86.9,61,C
2025,34H000,ALL,84.5,Met,74.1,82,B
2025,34H000,BL7,75.7,Met,80.1,77,B
2025,34H000,EDS,72.6,Met,74.9,73,B
2025,34Z000,ALL,30.2,NotMet,69.6,38,F
2025,34Z000,BL7,31.7,Met,71.6,40,D
2025,34Z000,EDS,30,Met,71.8,38,F
2025,350304,ALL,59.5,Exceeded,85,65,C
2025,350304,BL7,50,Met,77.7,56,C
2025,350304,EDS,55.1,Met,81.4,60,C
2025,350308,ALL,62.4,Met,84.2,67,C
2025,350308,BL7,45.6,Met,79.6,52,D
2025,350308,EDS,54.2,Met,80.8,60,C
2025,350310,ALL,42.7,Met,72.4,49,D
2025,350310,BL7,38.2,Exceeded,85.1,48,D
2025,350310,EDS,33.4,Met,77.2,42,D
2025,350312,ALL,57.5,Exceeded,91.9,64,C
2025,350312,BL7,52.5,Exceeded,89.2,60,C
2025,350312,EDS,45.7,Exceeded,87,54,D
2025,350316,ALL,71.3,Met,81.7,73,B
2025,350316,BL7,60.2,Met,81.3,64,C
2025,350316,EDS,63,Met,81.8,67,C
2025,350317,ALL,88.5,Exceeded,93.3,89,A
2025,350317,EDS,83.9,,,84,B
2025,350318,ALL,47.7,Met,80,54,D
2025,350318,BL7,36.8,Met,71.7,44,D
2025,350318,EDS,44.3,Met,80.3,52,D
2025,350321,ALL,64.5,Exceeded,92.5,70,B
2025,350321,BL7,56.5,Met,84.9,62,C
2025,350321,EDS,54.9,Met,84.2,61,C
2025,350324,ALL,48,Met,82.7,55,C
2025,350324,BL7,37,Met,82.5,46,D
2025,350324,EDS,40.4,Met,82.4,49,D
2025,350330,ALL,60.5,Met,74.7,63,C
2025,350330,BL7,57.4,Met,80.9,62,C
2025,350330,EDS,51.9,Met,77.4,57,C
2025,350331,ALL,53.8,NotMet,68.1,57,C
2025,350331,BL7,36.2,Met,72.3,43,D
2025,350331,EDS,40.1,Met,73.3,47,D
2025,350332,ALL,42.8,Met,79.8,50,D
2025,350332,BL7,37.5,Met,77.6,46,D
2025,350332,EDS,41,Met,80.4,49,D
2025,350336,ALL,66.2,Exceeded,87.3,70,B
2025,350336,BL7,58.3,Exceeded,85.5,64,C
2025,350336,EDS,63.2,Met,84.4,67,C
2025,350338,ALL,39.1,Met,84.4,48,D
2025,350338,BL7,30.5,Exceeded,88.7,42,D
2025,350338,EDS,36.5,Exceeded,87.1,47,D
2025,350339,ALL,60,Exceeded,92.2,66,C
2025,350339,BL7,50.6,Exceeded,86.3,58,C
2025,350339,EDS,55.8,Exceeded,90.2,63,C
2025,350340,ALL,70.1,Exceeded,88.4,74,B
2025,350340,BL7,55.9,Met,82.8,61,C
2025,350340,EDS,55.7,Met,83.1,61,C
2025,35A000,ALL,47,Met,72.7,52,D
2025,35A000,EDS,38.5,Met,74.2,46,D
2025,35B000,ALL,56.7,NotMet,57.3,57,C
2025,35B000,BL7,38.5,,,39,F
2025,35B000,EDS,48,NotMet,69.9,52,D
2025,35C000,ALL,62.9,NotMet,66.3,64,C
2025,35C000,BL7,43.6,NotMet,66.7,48,D
2025,35C000,EDS,48,NotMet,64.7,51,D
2025,360310,ALL,50.6,Met,70.5,55,C
2025,360310,BL7,47.3,Met,73.5,53,D
2025,360310,EDS,46.2,NotMet,69.1,51,D
2025,360320,ALL,69.7,Met,73.9,71,B
2025,360320,BL7,51.8,Met,70.1,55,C
2025,360320,EDS,48.1,NotMet,69.1,52,D
2025,360324,ALL,65.9,Met,71.2,67,C
2025,360324,BL7,52,Exceeded,85.2,59,C
2025,360324,EDS,49,Met,74.1,54,D
2025,360332,ALL,31,NotMet,59.7,37,F
2025,360332,BL7,18.1,NotMet,59.5,26,F
2025,360332,EDS,26.7,NotMet,58.1,33,F
2025,360336,ALL,50.1,NotMet,54.4,51,D
2025,360336,BL7,53.4,NotMet,67,56,C
2025,360336,EDS,47.6,NotMet,56.4,49,D
2025,360337,ALL,99,Exceeded,92.8,98,A
2025,360337,EDS,100,Exceeded,91.8,98,A
2025,360338,ALL,,,,37,F
2025,360338,BL7,,,,26,F
2025,360338,EDS,,,,33,F
2025,360339,ALL,57.6,Met,80.9,62,C
2025,360339,EDS,49,Met,83.5,56,C
2025,360340,ALL,39.4,NotMet,69.7,45,D
2025,360340,BL7,27.1,NotMet,67.8,35,F
2025,360340,EDS,36.5,Met,72.7,44,D
2025,360342,ALL,97.5,Exceeded,89.8,96,A
2025,360342,EDS,98.9,Exceeded,88.6,97,A
2025,360344,ALL,48.7,NotMet,69.2,53,D
2025,360344,BL7,42.4,Met,75.6,49,D
2025,360344,EDS,46,Met,70.9,51,D
2025,360348,ALL,61.2,Exceeded,87.4,66,C
2025,360348,EDS,58.6,Exceeded,85.9,64,C
2025,360352,ALL,48.4,Met,82.7,55,C
2025,360352,EDS,48.1,Met,81.3,55,C
2025,360360,ALL,64.6,Met,81.6,68,C
2025,360360,EDS,56.6,Met,78.4,61,C
2025,360364,ALL,54.1,Met,77.4,59,C
2025,360364,EDS,43.6,Met,78.1,51,D
2025,360376,ALL,53.5,Exceeded,85.7,60,C
2025,360376,BL7,56.7,,,57,C
2025,360376,EDS,41.2,Met,82.1,49,D
2025,360378,ALL,69,Met,79.2,71,B
2025,360378,BL7,59.5,Met,79.1,63,C
2025,360378,EDS,58.5,Met,75.9,62,C
2025,360380,ALL,75.9,Exceeded,92.7,79,B
2025,360380,BL7,66.4,Exceeded,93.2,72,B
2025,360380,EDS,67.3,Exceeded,90.8,72,B
2025,360390,ALL,60.4,NotMet,53.6,59,C
2025,360390,BL7,47.3,NotMet,59,50,D
2025,360390,EDS,50.2,NotMet,54.9,51,D
2025,360392,ALL,34.8,Exceeded,87.5,45,D
2025,360392,BL7,26.3,Met,82.3,38,F
2025,360392,EDS,32.4,Met,84.6,43,D
2025,360396,ALL,64.7,NotMet,59.9,64,C
2025,360396,BL7,54.4,NotMet,68.8,57,C
2025,360396,EDS,55.5,NotMet,66.3,58,C
2025,360400,ALL,41.5,Met,79,49,D
2025,360400,BL7,28.5,Met,74.7,38,F
2025,360400,EDS,38.1,Met,80.1,47,D
2025,360408,ALL,30.2,Exceeded,88.4,42,D
2025,360408,BL7,24.1,Exceeded,85.4,36,F
2025,360408,EDS,26.7,Exceeded,86.1,39,F
2025,360418,ALL,99.6,Exceeded,100,100,A
2025,360418,BL7,100,Exceeded,90,98,A
2025,360418,EDS,99.4,Exceeded,98.8,99,A
2025,360420,ALL,77.6,Exceeded,87.1,80,B
2025,360420,BL7,56.1,Met,82.8,61,C
2025,360420,EDS,65,Exceeded,85.2,69,C
2025,360426,ALL,38.8,NotMet,68.9,45,D
2025,360426,BL7,26.5,NotMet,69.9,35,F
2025,360426,EDS,35.4,NotMet,65.7,41,D
2025,360428,ALL,48.9,NotMet,58.1,51,D
2025,360428,BL7,45.7,NotMet,62.3,49,D
2025,360428,EDS,47.7,NotMet,57.5,50,D
2025,360430,ALL,,,,71,B
2025,360430,BL7,,,,55,C
2025,360430,EDS,,,,52,D
2025,360431,ALL,51.5,NotMet,69.6,55,C
2025,360431,BL7,51.3,Met,83.6,58,C
2025,360431,EDS,44.4,Met,71.7,50,D
2025,360432,ALL,48.6,Met,81.6,55,C
2025,360432,BL7,45.5,Met,80.9,53,D
2025,360432,EDS,38.1,Met,74.4,45,D
2025,360436,ALL,35.7,Met,72,43,D
2025,360436,BL7,27.6,Met,80.5,38,F
2025,360436,EDS,32.8,NotMet,69.7,40,D
2025,360438,ALL,27.2,NotMet,66.9,35,F
2025,360438,BL7,18,NotMet,63.3,27,F
2025,360438,EDS,22.8,NotMet,64.2,31,F
2025,360440,ALL,58.6,Met,72.7,61,C
2025,360440,BL7,48.4,Met,72.5,53,D
2025,360440,EDS,54.5,Met,72.2,58,C
2025,360448,ALL,74.4,Met,79.3,75,B
2025,360448,EDS,65,Met,77.3,67,C
2025,360456,ALL,54.5,Met,80.6,60,C
2025,360456,BL7,42.2,Met,80.2,50,D
2025,360456,EDS,39.5,Met,74.2,46,D
2025,360464,ALL,74,Met,75.6,74,B
2025,360464,BL7,60.6,,,61,C
2025,360464,EDS,62,Met,82.9,66,C
2025,360468,ALL,65.2,Met,83.5,69,C
2025,360468,EDS,60.3,Met,81.8,65,C
2025,360470,ALL,55.3,NotMet,64.6,57,C
2025,360470,BL7,49,Met,72.2,54,D
2025,360470,EDS,49.5,NotMet,62.2,52,D
2025,360478,ALL,63.5,Exceeded,90.1,69,C
2025,360478,BL7,53.2,Met,83.6,59,C
2025,360478,EDS,59.1,Exceeded,86.4,65,C
2025,360480,ALL,45.5,NotMet,60.3,48,D
2025,360480,BL7,34.8,NotMet,60.9,40,D
2025,360480,EDS,37.9,NotMet,59.7,42,D
2025,360482,ALL,61.7,Met,84.1,66,C
2025,360482,BL7,45.5,Met,83.7,53,D
2025,360482,EDS,48.9,Met,80.2,55,C
2025,360488,ALL,51.8,Met,84.1,58,C
2025,360488,BL7,23.8,Met,81.6,35,F
2025,360488,EDS,39.4,Met,82.2,48,D
2025,360490,ALL,33,NotMet,65,39,F
2025,360490,BL7,26.2,NotMet,68.4,35,F
2025,360490,EDS,29.7,NotMet,62.7,36,F
2025,360492,ALL,29.9,Exceeded,85.5,41,D
2025,360492,BL7,18.3,Met,80.4,31,F
2025,360492,EDS,27.6,Met,84.5,39,F
2025,360494,ALL,75.3,Exceeded,95.7,79,B
2025,360494,BL7,65.6,Met,82.5,69,C
2025,360494,EDS,65.1,Exceeded,89.4,70,B
2025,360498,ALL,32.8,Met,80.9,42,D
2025,360498,BL7,26.6,Met,81.1,38,F
2025,360498,EDS,29.5,Met,78.2,39,F
2025,360499,ALL,,,,55,C
2025,360499,BL7,,,,53,D
2025,360499,EDS,,,,45,D
2025,360500,ALL,58.2,Exceeded,93.5,65,C
2025,360500,BL7,50.6,Met,83.2,57,C
2025,360500,EDS,49,Exceeded,86.4,56,C
2025,360504,ALL,45.7,Met,82.7,53,D
2025,360504,EDS,45.9,Met,82.6,53,D
2025,360510,ALL,67.1,Met,82.9,70,B
2025,360510,BL7,57.4,Met,82.6,62,C
2025,360510,EDS,53.2,Met,81,59,C
2025,360514,ALL,40.4,NotMet,56.6,44,D
2025,360514,BL7,35.9,Met,71,43,D
2025,360514,EDS,34.4,NotMet,57.7,39,F
2025,360520,ALL,27.1,NotMet,68.8,35,F
2025,360520,BL7,21.4,NotMet,69,31,F
2025,360520,EDS,25.6,NotMet,66.2,34,F
2025,360526,ALL,42.1,Exceeded,100,54,D
2025,360526,BL7,36.3,Exceeded,96.6,48,D
2025,360526,EDS,41.4,Exceeded,99.7,53,D
2025,360550,ALL,58.4,Met,76.6,62,C
2025,360550,BL7,48.3,,,48,D
2025,360550,EDS,47.3,Met,81.7,54,D
2025,36B000,ALL,64.8,NotMet,68.9,66,C
2025,36B000,BL7,50.7,Met,70.7,55,C
2025,36B000,EDS,53.9,NotMet,69,57,C
2025,36C000,ALL,74,Met,82.4,76,B
2025,36C000,BL7,62.1,Met,79,65,C
2025,36C000,EDS,61.2,Met,82,65,C
2025,36G000,ALL,56,Met,75.2,60,C
2025,36G000,EDS,50.4,Met,71.5,55,C
2025,370304,ALL,50.2,Met,83.3,57,C
2025,370304,EDS,39.8,Met,77.9,47,D
2025,370308,ALL,49.9,Met,80,56,C
2025,370308,BL7,38.8,Exceeded,86,48,D
2025,370308,EDS,37.3,Met,80.7,46,D
2025,370312,ALL,60.5,Met,72,63,C
2025,370312,BL7,51.8,Met,77.7,57,C
2025,370312,EDS,49.5,Met,71.2,54,D
2025,370316,ALL,47,NotMet,57.6,49,D
2025,370316,EDS,39.8,NotMet,59.1,44,D
2025,370324,ALL,57.7,Met,76,61,C
2025,370324,EDS,41,Met,72.6,47,D
2025,380306,ALL,40.2,NotMet,66,45,D
2025,380306,EDS,38.9,NotMet,67.2,45,D
2025,380308,ALL,60.4,Met,73.1,63,C
2025,380308,EDS,52.6,NotMet,66.5,55,C
2025,380310,ALL,31.8,NotMet,67,39,F
2025,380310,EDS,25.7,NotMet,66.9,34,F
2025,390309,ALL,43.5,Exceeded,90.3,53,D
2025,390309,BL7,43.8,Exceeded,88.2,53,D
2025,390309,EDS,39.7,Exceeded,85.2,49,D
2025,390311,ALL,54.5,Exceeded,92.4,62,C
2025,390311,BL7,54.2,Met,83.8,60,C
2025,390311,EDS,56.8,Exceeded,89.2,63,C
2025,390312,ALL,42.3,Exceeded,90.9,52,D
2025,390312,BL7,27.9,Exceeded,85.9,40,D
2025,390312,EDS,40.7,Exceeded,90.2,51,D
2025,390320,ALL,44.8,Met,80.1,52,D
2025,390320,BL7,38.7,Exceeded,85,48,D
2025,390320,EDS,42.6,Met,84.3,51,D
2025,390321,ALL,50.9,NotMet,64.6,54,D
2025,390321,EDS,28,,,28,F
2025,390322,ALL,57,Met,81.6,62,C
2025,390322,BL7,51.8,Met,84.1,58,C
2025,390322,EDS,53.3,Met,80.3,59,C
2025,390323,ALL,96.6,Exceeded,98.7,97,A
2025,390324,ALL,53.9,Met,79,59,C
2025,390324,BL7,53.6,Met,77.9,58,C
2025,390324,EDS,50.9,Met,80,57,C
2025,390333,ALL,47.4,Met,81.9,54,D
2025,390333,BL7,44.1,Met,82.3,52,D
2025,390333,EDS,39.2,Met,80.9,48,D
2025,390334,ALL,29.8,Met,83.4,41,D
2025,390334,BL7,25.2,Met,84.1,37,F
2025,390334,EDS,26.9,Met,84.6,38,F
2025,390352,ALL,57,Exceeded,87.3,63,C
2025,390352,BL7,53.2,Exceeded,93.6,61,C
2025,390352,EDS,47.6,Exceeded,86.5,55,C
2025,390360,ALL,48.9,Met,82.2,56,C
2025,390360,BL7,40,Met,82.4,48,D
2025,390360,EDS,42.3,Met,82.9,50,D
2025,390362,ALL,51,Met,81.2,57,C
2025,390362,EDS,45.8,Met,78.5,52,D
2025,390364,ALL,38.3,NotMet,65.9,44,D
2025,390364,BL7,35.4,Met,70.7,42,D
2025,390364,EDS,36.6,NotMet,64.5,42,D
2025,390368,ALL,57.3,Exceeded,87.3,63,C
2025,390368,BL7,51.6,,,52,D
2025,390368,EDS,41.7,Exceeded,88.5,51,D
2025,39A000,ALL,70,NotMet,67,69,C
2025,39A000,BL7,59.7,Met,80.8,64,C
2025,39A000,EDS,58,NotMet,61.7,59,C
2025,39B000,ALL,80.2,Exceeded,93.6,83,B
2025,39B000,BL7,73.1,Met,84.1,75,B
2025,39B000,EDS,77.2,Exceeded,88.6,79,B
2025,400308,ALL,52.9,NotMet,59.4,54,D
2025,400308,BL7,50,NotMet,67.6,54,D
2025,400308,EDS,49.2,NotMet,61.3,52,D
2025,400312,ALL,28.6,NotMet,50.7,33,F
2025,400312,BL7,22.2,NotMet,56.9,29,F
2025,400312,EDS,22.9,NotMet,53.2,29,F
2025,400315,ALL,70.8,Exceeded,87.9,74,B
2025,400315,EDS,69.6,Exceeded,87.6,73,B
2025,400318,ALL,39.5,NotMet,58.1,43,D
2025,400318,BL7,23.1,NotMet,65.9,32,F
2025,400318,EDS,35.9,NotMet,57.8,40,D
2025,400321,ALL,,,,37,F
2025,400321,BL7,,,,30,F
2025,400321,EDS,,,,32,F
2025,400332,ALL,31.3,NotMet,59.7,37,F
2025,400332,BL7,21.7,NotMet,62.1,30,F
2025,400332,EDS,25,NotMet,59.6,32,F
2025,410302,ALL,35.9,NotMet,58.2,40,D
2025,410302,BL7,29.5,NotMet,59.9,36,F
2025,410302,EDS,28.1,NotMet,59,34,F
2025,410304,ALL,69.5,Met,72.5,70,B
2025,410304,BL7,58.7,Met,77.9,63,C
2025,410304,EDS,54.6,Met,74.8,59,C
2025,410307,ALL,55.5,NotMet,66.4,58,C
2025,410307,BL7,57.9,Met,73,61,C
2025,410307,EDS,53.2,NotMet,65,56,C
2025,410310,ALL,51.7,Exceeded,89.6,59,C
2025,410310,BL7,35.5,Met,84.8,45,D
2025,410310,EDS,48.6,Met,84.9,56,C
2025,410311,ALL,44.6,NotMet,50,46,D
2025,410311,BL7,38.4,NotMet,50.7,41,D
2025,410311,EDS,38.5,NotMet,52.9,41,D
2025,410313,ALL,36.4,Exceeded,91.5,47,D
2025,410313,BL7,27,Met,84.9,39,F
2025,410313,EDS,32.8,Exceeded,89.4,44,D
2025,410316,ALL,36.7,Met,83.4,46,D
2025,410316,BL7,33.8,Met,80.7,43,D
2025,410316,EDS,34.2,Met,81.5,44,D
2025,410319,ALL,53.2,NotMet,69.4,56,C
2025,410319,BL7,49.1,Met,73.1,54,D
2025,410319,EDS,49.5,Met,70.9,54,D
2025,410328,ALL,28.9,Met,80.5,39,F
2025,410328,BL7,28.3,Met,81.6,39,F
2025,410328,EDS,31.4,Met,82.9,42,D
2025,410331,ALL,47.3,Met,84.4,55,C
2025,410331,BL7,46,Met,83.1,53,D
2025,410331,EDS,39.1,Met,81.7,48,D
2025,410334,ALL,42.2,Met,78.9,50,D
2025,410334,BL7,41.7,Met,79.7,49,D
2025,410334,EDS,41.3,Met,79.1,49,D
2025,410337,ALL,70.7,Exceeded,85.7,74,B
2025,410337,BL7,59.9,Met,83.5,65,C
2025,410337,EDS,47.3,Met,80.7,54,D
2025,410340,ALL,56.9,Met,72.4,60,C
2025,410340,BL7,60.5,Met,76.5,64,C
2025,410340,EDS,45.5,NotMet,69.1,50,D
2025,410341,ALL,100,Exceeded,91.3,98,A
2025,410341,BL7,100,Met,82.4,96,A
2025,410341,EDS,100,Met,78.1,96,A
2025,410343,ALL,59.7,NotMet,69,62,C
2025,410343,BL7,48,NotMet,69.8,52,D
2025,410343,EDS,51.4,Met,70.6,55,C
2025,410346,ALL,68.8,Exceeded,85.4,72,B
2025,410346,BL7,65.2,Met,81.2,68,C
2025,410346,EDS,56.7,Met,82.5,62,C
2025,410349,ALL,44.1,Exceeded,91.3,54,D
2025,410349,BL7,43.3,Exceeded,88.2,52,D
2025,410349,EDS,42.4,Exceeded,91.7,52,D
2025,410355,ALL,50.9,NotMet,55.8,52,D
2025,410355,BL7,52.9,NotMet,56.3,54,D
2025,410355,EDS,47.4,NotMet,55.6,49,D
2025,410358,ALL,53.6,Met,71.8,57,C
2025,410358,BL7,50.5,Met,72.1,55,C
2025,410358,EDS,46.1,Met,70.6,51,D
2025,410361,ALL,52.2,Met,70.2,56,C
2025,410361,BL7,50,Met,70.5,54,D
2025,410361,EDS,50,Met,72.7,55,C
2025,410364,ALL,40.2,Met,77.8,48,D
2025,410364,BL7,34.9,Met,74.3,43,D
2025,410364,EDS,37.5,Met,75,45,D
2025,410366,ALL,29.9,Met,75.7,39,F
2025,410366,BL7,32.5,Met,77.7,42,D
2025,410366,EDS,29.5,Met,71.5,38,F
2025,410367,ALL,33.6,Exceeded,97.1,46,D
2025,410367,BL7,23.6,Exceeded,93.1,38,F
2025,410367,EDS,31.1,Exceeded,92.9,43,D
2025,410370,ALL,71.2,Met,81.8,73,B
2025,410370,BL7,59.3,Met,78.7,63,C
2025,410370,EDS,62.7,Met,80.5,66,C
2025,410373,ALL,35.9,NotMet,61,41,D
2025,410373,BL7,28,NotMet,65.3,35,F
2025,410373,EDS,32.2,NotMet,59.9,38,F
2025,410376,ALL,43.2,Met,80.4,51,D
2025,410376,BL7,40.1,Met,77.5,48,D
2025,410376,EDS,40.3,Met,78.7,48,D
2025,410382,ALL,48.5,Met,77.2,54,D
2025,410382,BL7,29.7,Met,75.8,39,F
2025,410382,EDS,36.4,Met,78.7,45,D
2025,410385,ALL,29.4,Met,74.3,38,F
2025,410385,BL7,33.1,Met,71.4,41,D
2025,410385,EDS,28.3,Met,70.5,37,F
2025,410388,ALL,71.4,Exceeded,88.2,75,B
2025,410388,BL7,63.9,Met,83.1,68,C
2025,410388,EDS,64.5,Exceeded,85.8,69,C
2025,410390,ALL,90.9,,,91,A
2025,410390,BL7,89.9,,,90,A
2025,410390,EDS,98.4,,,98,A
2025,410391,ALL,44.8,NotMet,68.1,49,D
2025,410391,BL7,33.8,NotMet,64.7,40,D
2025,410391,EDS,32.7,NotMet,67.6,40,D
2025,410394,ALL,71.9,Exceeded,90.7,76,B
2025,410394,BL7,53.8,Met,78.1,59,C
2025,410394,EDS,55.5,Met,79,60,C
2025,410395,ALL,100,Exceeded,85.8,97,A
2025,410397,ALL,43.5,Met,73,49,D
2025,410397,BL7,40.8,Met,73.1,47,D
2025,410397,EDS,39.5,Met,76,47,D
2025,410399,ALL,84.5,Exceeded,92.8,86,A
2025,410399,BL7,90,,,90,A
2025,410400,ALL,36.1,NotMet,69.2,43,D
2025,410400,BL7,30.8,Met,75.4,40,D
2025,410400,EDS,31.5,NotMet,66.4,38,F
2025,410401,ALL,85.4,Met,83.1,85,A
2025,410401,BL7,83.3,Met,82.8,83,B
2025,410401,EDS,93.2,,,93,A
2025,410402,ALL,33,Exceeded,87.3,44,D
2025,410402,BL7,31.3,Met,83,42,D
2025,410402,EDS,29.2,Met,84.6,40,D
2025,410406,ALL,54.4,Exceeded,91.7,62,C
2025,410406,BL7,48.5,Exceeded,87.7,56,C
2025,410406,EDS,50.6,Exceeded,85.8,58,C
2025,410407,ALL,53,Met,83.9,59,C
2025,410407,BL7,57.1,,,57,C
2025,410407,EDS,55.6,Met,79.9,60,C
2025,410408,ALL,75.8,Met,82.3,77,B
2025,410408,BL7,57.8,Met,80.1,62,C
2025,410408,EDS,61.5,Met,82.3,66,C
2025,410409,ALL,35.6,NotMet,62.2,41,D
2025,410409,BL7,36.4,Met,70.4,43,D
2025,410409,EDS,35.1,NotMet,62.7,41,D
2025,410412,ALL,50.5,Met,81.8,57,C
2025,410412,BL7,32.6,Met,73.4,41,D
2025,410412,EDS,36.9,Met,77.2,45,D
2025,410415,ALL,29,Met,83.5,40,D
2025,410415,BL7,25.9,Met,84.3,38,F
2025,410415,EDS,26.7,Met,81.9,38,F
2025,410418,ALL,57.3,Exceeded,87,63,C
2025,410418,BL7,44.4,Met,82.2,52,D
2025,410418,EDS,51.1,Met,84.6,58,C
2025,410421,ALL,50.6,NotMet,64.2,53,D
2025,410421,BL7,41.4,NotMet,66,46,D
2025,410421,EDS,37.8,NotMet,61,42,D
2025,410423,ALL,58.5,Met,80.4,63,C
2025,410423,BL7,56.7,Met,80.1,61,C
2025,410423,EDS,54.1,Met,77.4,59,C
2025,410424,ALL,71.7,Exceeded,90.3,75,B
2025,410424,BL7,57.2,Exceeded,85.3,63,C
2025,410424,EDS,45.9,Exceeded,85.7,54,D
2025,410427,ALL,46.4,Exceeded,93.8,56,C
2025,410427,BL7,45.6,Exceeded,89.8,54,D
2025,410427,EDS,46.3,Exceeded,91.1,55,C
2025,410430,ALL,50.3,Met,72.3,55,C
2025,410430,BL7,35.2,Met,71.2,42,D
2025,410430,EDS,29.4,NotMet,62.5,36,F
2025,410436,ALL,55.4,Exceeded,93.3,63,C
2025,410436,BL7,50.6,Exceeded,92.3,59,C
2025,410436,EDS,52.7,Exceeded,91.8,61,C
2025,410437,ALL,65.7,NotMet,56.5,64,C
2025,410437,BL7,46,NotMet,58.7,49,D
2025,410437,EDS,49.5,NotMet,56.3,51,D
2025,410439,ALL,49.2,Met,75.3,54,D
2025,410439,BL7,38.5,Met,70.4,45,D
2025,410439,EDS,44,Met,75.5,50,D
2025,410442,ALL,56.1,NotMet,59.6,57,C
2025,410442,BL7,35.7,NotMet,62.5,41,D
2025,410442,EDS,35.9,NotMet,64,42,D
2025,410448,ALL,68.8,NotMet,68.8,69,C
2025,410448,BL7,48,NotMet,60.9,51,D
2025,410448,EDS,42.9,NotMet,64,47,D
2025,410451,ALL,66.1,Met,82.6,69,C
2025,410451,BL7,41.4,Met,75.4,48,D
2025,410451,EDS,46.4,Met,76.2,52,D
2025,410454,ALL,39.7,Met,80.5,48,D
2025,410454,BL7,30.8,Met,80.8,41,D
2025,410454,EDS,32.6,Met,81,42,D
2025,410460,ALL,37.2,Met,72.2,44,D
2025,410460,BL7,32.8,Met,71.6,41,D
2025,410460,EDS,30.4,NotMet,66.6,38,F
2025,410461,ALL,34,Met,71.6,42,D
2025,410461,BL7,28.6,Met,77.3,38,F
2025,410461,EDS,30.9,NotMet,67,38,F
2025,410462,ALL,41.1,Met,84.8,50,D
2025,410462,BL7,35.8,Met,83.3,45,D
2025,410462,EDS,39.1,Met,82.9,48,D
2025,410463,ALL,40.3,NotMet,68.4,46,D
2025,410463,BL7,28.1,NotMet,67.7,36,F
2025,410463,EDS,27.5,NotMet,64.6,35,F
2025,410466,ALL,60.2,Met,72.7,63,C
2025,410466,BL7,45.5,NotMet,68.6,50,D
2025,410466,EDS,48,Met,78.8,54,D
2025,410469,ALL,51.6,Met,78.9,57,C
2025,410469,BL7,46,Met,75.1,52,D
2025,410469,EDS,47.3,Met,77.9,53,D
2025,410472,ALL,55.9,Met,83.3,61,C
2025,410472,BL7,49.6,Met,81.4,56,C
2025,410472,EDS,50.7,Met,82.7,57,C
2025,410481,ALL,52.2,Met,80.7,58,C
2025,410481,EDS,42.2,Met,71.7,48,D
2025,410483,ALL,64.8,Met,71,66,C
2025,410483,BL7,49.6,NotMet,67.7,53,D
2025,410483,EDS,41.7,,,42,D
2025,410484,ALL,49.8,NotMet,58.5,52,D
2025,410484,BL7,47.4,NotMet,64.5,51,D
2025,410484,EDS,44.2,NotMet,58.6,47,D
2025,410486,ALL,84.2,Met,83.6,84,B
2025,410486,BL7,67.1,Met,75.9,69,C
2025,410486,EDS,60.5,Met,78.1,64,C
2025,410487,ALL,35.5,Met,80.9,45,D
2025,410487,BL7,35.8,Met,82.1,45,D
2025,410487,EDS,30.4,Met,76.3,40,D
2025,410488,ALL,70,NotMet,60.1,68,C
2025,410488,BL7,58.4,Met,74.8,62,C
2025,410488,EDS,50.8,Met,76.5,56,C
2025,410489,ALL,78.6,Exceeded,89.8,81,B
2025,410489,BL7,64.8,Met,83.2,68,C
2025,410489,EDS,60.9,Met,83.4,65,C
2025,410490,ALL,86.8,Exceeded,89.8,87,A
2025,410490,BL7,76.1,Met,82.2,77,B
2025,410490,EDS,73.1,Met,79.4,74,B
2025,410491,ALL,81.3,Exceeded,91.5,83,B
2025,410491,BL7,63.8,Met,77.9,67,C
2025,410491,EDS,67,Exceeded,86.7,71,B
2025,410493,ALL,78.9,Met,81.4,79,B
2025,410493,BL7,71.2,Exceeded,85.6,74,B
2025,410493,EDS,63.8,Met,83,68,C
2025,410496,ALL,50.6,Met,81.2,57,C
2025,410496,BL7,47,Met,72.5,52,D
2025,410496,EDS,43.9,Met,80.6,51,D
2025,410499,ALL,35.4,Met,70.7,42,D
2025,410499,BL7,25.7,Met,73.7,35,F
2025,410499,EDS,34.3,Met,71.8,42,D
2025,410502,ALL,87,Exceeded,92.6,88,A
2025,410502,EDS,70.4,Exceeded,85.3,73,B
2025,410505,ALL,34.3,Met,84.1,44,D
2025,410505,BL7,26.5,Met,79.5,37,F
2025,410505,EDS,29.5,Met,82.9,40,D
2025,410508,ALL,66.7,Exceeded,92.5,72,B
2025,410508,BL7,56,Met,83.2,61,C
2025,410508,EDS,53.8,Exceeded,87.8,61,C
2025,410511,ALL,30.5,Met,70.4,38,F
2025,410511,BL7,33.3,Met,73,41,D
2025,410511,EDS,26,NotMet,68.5,35,F
2025,410514,ALL,37.6,Met,80.4,46,D
2025,410514,BL7,30.7,Met,75.4,40,D
2025,410514,EDS,38.5,Met,80.5,47,D
2025,410522,ALL,51,Met,76.8,56,C
2025,410522,BL7,41.7,Met,74.5,48,D
2025,410522,EDS,42.3,Met,72.1,48,D
2025,410523,ALL,67.9,Exceeded,85.9,72,B
2025,410523,EDS,59.3,Met,82,64,C
2025,410529,ALL,60.4,NotMet,65.8,61,C
2025,410529,BL7,48.9,NotMet,66.8,52,D
2025,410529,EDS,50.3,NotMet,66.2,53,D
2025,410530,ALL,53.7,Met,81.9,59,C
2025,410530,BL7,52.1,Met,82.1,58,C
2025,410530,EDS,47.1,Met,76.8,53,D
2025,410532,ALL,37.8,NotMet,59.1,42,D
2025,410532,BL7,32,NotMet,66,39,F
2025,410532,EDS,34.8,NotMet,59,40,D
2025,410535,ALL,53.8,Met,70.2,57,C
2025,410535,BL7,52.1,Met,73.4,56,C
2025,410535,EDS,43.7,NotMet,68.7,49,D
2025,410538,ALL,39.6,Met,83.6,48,D
2025,410538,BL7,34.9,Met,73.9,43,D
2025,410538,EDS,38.1,Met,79.9,46,D
2025,410541,ALL,64.7,Met,84.8,69,C
2025,410541,BL7,46.7,Met,82.6,54,D
2025,410541,EDS,58.7,Met,84.6,64,C
2025,410542,ALL,35.2,Met,79,44,D
2025,410542,BL7,34.4,Met,79.5,43,D
2025,410542,EDS,29.9,Met,81.5,40,D
2025,410544,ALL,49.6,NotMet,61.3,52,D
2025,410544,BL7,50.6,NotMet,66.8,54,D
2025,410544,EDS,48.6,NotMet,62.7,51,D
2025,410545,ALL,63.1,Met,82.4,67,C
2025,410545,BL7,43.3,Met,81.7,51,D
2025,410545,EDS,45.6,Met,81.8,53,D
2025,410547,ALL,66.8,Met,80.8,70,B
2025,410547,BL7,57.5,Met,80.5,62,C
2025,410547,EDS,56,Met,79.7,61,C
2025,410550,ALL,49.5,NotMet,50,50,D
2025,410550,BL7,39.1,NotMet,52.5,42,D
2025,410550,EDS,38.7,NotMet,54.1,42,D
2025,410553,ALL,59.9,Exceeded,90.5,66,C
2025,410553,EDS,54.9,Exceeded,85.2,61,C
2025,410556,ALL,53.8,NotMet,65.3,56,C
2025,410556,BL7,50.8,NotMet,68.2,54,D
2025,410556,EDS,51.4,Met,71.5,55,C
2025,410559,ALL,81.2,Exceeded,87.5,82,B
2025,410559,BL7,66.1,Met,81.8,69,C
2025,410559,EDS,70,Met,76.4,71,B
2025,410562,ALL,67.9,Met,82.1,71,B
2025,410562,BL7,57.1,NotMet,65.1,59,C
2025,410562,EDS,58,Met,75.9,62,C
2025,410565,ALL,48.1,NotMet,50,48,D
2025,410565,BL7,32.2,NotMet,50,36,F
2025,410565,EDS,31.2,NotMet,50,35,F
2025,410568,ALL,85.9,Met,80.6,85,A
2025,410569,ALL,100,Exceeded,86.2,97,A
2025,410571,ALL,64.8,Met,77.3,67,C
2025,410571,EDS,35.8,Met,84.6,46,D
2025,410574,ALL,82.6,Exceeded,92.6,85,A
2025,410574,BL7,72.6,,,73,B
2025,410574,EDS,61.7,Met,84.6,66,C
2025,410577,ALL,46.7,Met,82.2,54,D
2025,410577,BL7,44.4,Met,83.7,52,D
2025,410577,EDS,46.8,Met,83,54,D
2025,410578,ALL,53.7,NotMet,69.6,57,C
2025,410578,BL7,52.8,NotMet,69.2,56,C
2025,410578,EDS,51.7,Met,78.4,57,C
2025,410579,ALL,87.6,Exceeded,92.6,89,A
2025,410579,BL7,78.4,Exceeded,87.8,80,B
2025,410579,EDS,71.1,,,71,B
2025,410580,ALL,49.2,Exceeded,89.5,57,C
2025,410580,BL7,41.4,Exceeded,86.1,50,D
2025,410580,EDS,45.6,Met,84.8,53,D
2025,410583,ALL,46.9,Met,81.4,54,D
2025,410583,BL7,42.6,Met,83,51,D
2025,410583,EDS,44,Met,76.9,51,D
2025,410586,ALL,34.4,Met,71,42,D
2025,410586,BL7,32.7,NotMet,69,40,D
2025,410586,EDS,31,Met,71.4,39,F
2025,410589,ALL,93.4,Exceeded,88.5,92,A
2025,410592,ALL,34.5,NotMet,69.5,42,D
2025,410592,BL7,27,NotMet,68.6,35,F
2025,410592,EDS,31.6,NotMet,67.1,39,F
2025,410595,ALL,63,Exceeded,93.6,69,C
2025,410595,BL7,53.4,Exceeded,89.9,61,C
2025,410595,EDS,55.7,Exceeded,89.9,63,C
2025,41B000,ALL,87.7,Exceeded,96.1,89,A
2025,41B000,BL7,83.6,Exceeded,92.8,85,A
2025,41B000,EDS,78.9,Exceeded,91.5,81,B
2025,41C000,ALL,49,Exceeded,93.5,58,C
2025,41C000,BL7,49.7,Exceeded,93.1,58,C
2025,41C000,EDS,46.9,Exceeded,92.3,56,C
2025,41D000,ALL,55.6,Met,83.4,61,C
2025,41D000,BL7,45.3,Met,77.4,52,D
2025,41D000,EDS,45.2,Met,73.4,51,D
2025,41F000,ALL,68,Exceeded,94.9,73,B
2025,41F000,BL7,67.9,Exceeded,87.9,72,B
2025,41F000,EDS,62.9,Exceeded,90.5,68,C
2025,41G000,ALL,78.5,Met,76,78,B
2025,41G000,BL7,62.2,Met,81.4,66,C
2025,41G000,EDS,59,Met,80.2,63,C
2025,41H000,ALL,50.1,Exceeded,95.5,59,C
2025,41H000,BL7,50.8,Exceeded,94.8,60,C
2025,41H000,EDS,44.9,Exceeded,92.9,55,C
2025,41J000,ALL,87.5,Exceeded,90.5,88,A
2025,41J000,BL7,79.2,Met,82.2,80,B
2025,41J000,EDS,79.5,Met,81.5,80,B
2025,41K000,ALL,58.8,Exceeded,92.6,66,C
2025,41K000,BL7,54.4,Exceeded,92,62,C
2025,41K000,EDS,54.4,Exceeded,90.4,62,C
2025,41L000,ALL,54.7,NotMet,69.7,58,C
2025,41L000,BL7,50.4,NotMet,66.4,54,D
2025,41L000,EDS,50.9,NotMet,69.6,55,C
2025,41M000,ALL,41.7,Met,79.5,49,D
2025,41M000,BL7,41.6,Met,76.6,49,D
2025,41M000,EDS,36.8,Met,73.4,44,D
2025,41N000,ALL,46.8,NotMet,68.4,51,D
2025,41N000,BL7,25.5,NotMet,67.6,34,F
2025,41N000,EDS,23.1,NotMet,65.6,32,F
2025,41Q000,ALL,67.2,Exceeded,88.1,71,B
2025,41Q000,EDS,50.3,Met,82.6,57,C
2025,41R000,ALL,49,NotMet,69.7,53,D
2025,41R000,BL7,47.8,Met,70.3,52,D
2025,41R000,EDS,44.3,Met,71.8,50,D
2025,41Z000,ALL,47,NotMet,58.9,49,D
2025,41Z000,BL7,46.7,NotMet,59.1,49,D
2025,41Z000,EDS,52.2,NotMet,62.6,54,D
2025,420304,ALL,48.4,Met,82.7,55,C
2025,420304,BL7,44,Met,80.9,51,D
2025,420304,EDS,44.8,Met,82.4,52,D
2025,420316,ALL,37.5,Met,84.2,47,D
2025,420316,BL7,33.3,Met,82.7,43,D
2025,420316,EDS,28.9,Met,83.3,40,D
2025,420324,ALL,30.7,Met,82.9,41,D
2025,420324,BL7,28.7,Met,81.3,39,F
2025,420324,EDS,27.3,Met,81.2,38,F
2025,420328,ALL,28.4,Met,83.1,39,F
2025,420328,BL7,31.1,Met,83.8,42,D
2025,420328,EDS,26.9,Met,82.4,38,F
2025,420336,ALL,21.5,Met,79,33,F
2025,420336,BL7,18.1,Met,78.9,30,F
2025,420336,EDS,15.2,Met,78.6,28,F
2025,420340,ALL,50.2,Met,80.5,56,C
2025,420340,BL7,49.8,Met,82.8,56,C
2025,420340,EDS,47.8,Met,78.8,54,D
2025,420346,ALL,45.2,Met,70.2,50,D
2025,420346,BL7,44.4,Met,72.1,50,D
2025,420346,EDS,42.7,Met,74.9,49,D
2025,420348,ALL,33.9,Met,76.6,42,D
2025,420348,BL7,31.1,Met,76.8,40,D
2025,420348,EDS,33.3,Met,77.1,42,D
2025,420358,ALL,47.5,Met,81.3,54,D
2025,420358,BL7,46.8,Met,81.2,54,D
2025,420358,EDS,43.6,Met,78.5,51,D
2025,420376,ALL,22.7,NotMet,58.5,30,F
2025,420376,BL7,22.6,NotMet,59.6,30,F
2025,420376,EDS,19.9,NotMet,59.9,28,F
2025,420380,ALL,63.9,Exceeded,89.6,69,C
2025,420380,BL7,62.6,Exceeded,87.9,68,C
2025,420380,EDS,55.1,Exceeded,85.9,61,C
2025,421304,ALL,55.4,Exceeded,87.8,62,C
2025,421304,BL7,40.5,Met,84.3,49,D
2025,421304,EDS,46.5,Met,84.7,54,D
2025,421306,ALL,53.1,Met,81.9,59,C
2025,421306,BL7,39.6,Met,83.3,48,D
2025,421306,EDS,43.1,Met,79.5,50,D
2025,421316,ALL,54.5,NotMet,51.6,54,D
2025,421316,BL7,41.2,NotMet,58.8,45,D
2025,421316,EDS,48.4,NotMet,55.3,50,D
2025,421328,ALL,55.4,Exceeded,85.5,61,C
2025,421328,BL7,35,Met,81.9,44,D
2025,421328,EDS,41.8,Met,80.3,50,D
2025,421336,ALL,88.2,Exceeded,91.3,89,A
2025,422310,ALL,50,Met,82,56,C
2025,422310,BL7,51.1,Met,82,57,C
2025,422314,ALL,22.4,NotMet,64.3,31,F
2025,422314,BL7,21.9,NotMet,64.1,30,F
2025,422314,EDS,22.5,NotMet,63.2,31,F
2025,422315,ALL,42.9,Met,78.1,50,D
2025,422315,BL7,43.5,Met,77.5,50,D
2025,422315,EDS,38.6,Met,77,46,D
2025,422318,ALL,34.6,Exceeded,85.5,45,D
2025,422318,BL7,33.7,Exceeded,85.6,44,D
2025,422318,EDS,35.1,Met,84.7,45,D
2025,42A000,ALL,22,Met,81.1,34,F
2025,42A000,BL7,19.2,Met,76.6,31,F
2025,42A000,EDS,18.5,Met,75.9,30,F
2025,42B000,ALL,52.5,NotMet,62.7,55,C
2025,42B000,BL7,22.6,NotMet,65.2,31,F
2025,42B000,EDS,39.7,NotMet,59.2,44,D
2025,430304,ALL,,,,54,D
2025,430304,BL7,,,,38,F
2025,430304,EDS,,,,37,F
2025,430308,ALL,35,NotMet,65.4,41,D
2025,430308,BL7,24.4,NotMet,69.6,33,F
2025,430308,EDS,29.1,NotMet,68.6,37,F
2025,430312,ALL,64.2,NotMet,53.2,62,C
2025,430312,BL7,57.7,NotMet,67.4,60,C
2025,430312,EDS,52.9,NotMet,57.3,54,D
2025,430316,ALL,41.4,NotMet,60.3,45,D
2025,430316,BL7,22.6,Met,81.7,34,F
2025,430316,EDS,29.3,NotMet,65.2,36,F
2025,430320,ALL,47.9,Met,80.5,54,D
2025,430320,EDS,34.3,Met,82.1,44,D
2025,430328,ALL,36,NotMet,56.6,40,D
2025,430328,BL7,23.3,NotMet,64.8,32,F
2025,430328,EDS,29.9,NotMet,65.5,37,F
2025,430330,ALL,39.5,Met,81.9,48,D
2025,430330,BL7,28.5,Met,81.7,39,F
2025,430330,EDS,31.7,Met,76.2,41,D
2025,430332,ALL,40.9,Exceeded,99.7,53,D
2025,430332,BL7,34.9,Exceeded,93.3,47,D
2025,430332,EDS,37.1,Exceeded,98.7,49,D
2025,430336,ALL,35,NotMet,56,39,F
2025,430336,BL7,25.4,NotMet,58.4,32,F
2025,430336,EDS,25.2,NotMet,57,32,F
2025,430341,ALL,92.7,Exceeded,93.6,93,A
2025,430344,ALL,41.3,NotMet,65.7,46,D
2025,430344,BL7,34.3,Met,70,41,D
2025,430344,EDS,34.8,NotMet,69,42,D
2025,430346,ALL,60.3,NotMet,58.2,60,C
2025,430346,BL7,53.8,NotMet,68,57,C
2025,430346,EDS,51.6,NotMet,59.9,53,D
2025,430347,ALL,39.8,NotMet,67,45,D
2025,430347,BL7,25.8,Met,80.8,37,F
2025,430347,EDS,27.7,Met,73.4,37,F
2025,430348,ALL,56.2,NotMet,59.7,57,C
2025,430348,BL7,46.1,Met,75.2,52,D
2025,430348,EDS,53.4,NotMet,68.7,56,C
2025,430349,ALL,59.3,Met,82.3,64,C
2025,430349,BL7,38.5,Met,83.1,47,D
2025,430349,EDS,46.9,Met,82,54,D
2025,430351,ALL,45.7,Met,80.1,53,D
2025,430351,BL7,36.9,Met,82.1,46,D
2025,430351,EDS,36.2,Met,81.7,45,D
2025,430352,ALL,69.5,Exceeded,88.6,73,B
2025,430352,BL7,47.1,Met,81.3,54,D
2025,430352,EDS,59.4,Exceeded,87.7,65,C
2025,430353,ALL,56.8,Met,75.9,61,C
2025,430358,ALL,45.4,Met,70.2,50,D
2025,430358,BL7,34.5,Met,74.3,42,D
2025,430358,EDS,38.6,Met,70.8,45,D
2025,430368,ALL,,,,41,D
2025,430368,BL7,,,,33,F
2025,430368,EDS,,,,37,F
2025,430369,ALL,53.6,Met,71.2,57,C
2025,430369,BL7,44.3,NotMet,68.9,49,D
2025,430369,EDS,43.6,Met,70,49,D
2025,430370,ALL,43.8,Exceeded,90.9,53,D
2025,430370,BL7,37,Exceeded,86.5,47,D
2025,430370,EDS,36.4,Exceeded,86.9,47,D
2025,430371,ALL,59.8,NotMet,50.3,58,C
2025,430371,BL7,52,NotMet,56.5,53,D
2025,430371,EDS,48.7,NotMet,52.3,49,D
2025,430376,ALL,44.4,Exceeded,89.9,54,D
2025,430376,BL7,27.6,Met,78.4,38,F
2025,430376,EDS,26.5,Met,80.1,37,F
2025,430378,ALL,56.5,Exceeded,85.8,62,C
2025,430378,BL7,44.4,Met,82.4,52,D
2025,430378,EDS,49,Met,82.2,56,C
2025,430384,ALL,59.1,NotMet,58.2,59,C
2025,430384,BL7,50.5,Met,71.2,55,C
2025,430384,EDS,53,NotMet,60.6,55,C
2025,430385,ALL,25,NotMet,69.7,34,F
2025,430385,EDS,24.1,,,24,F
2025,430386,ALL,46.2,Met,74.6,52,D
2025,430386,BL7,39.4,Met,81.6,48,D
2025,430386,EDS,34.5,Met,72.2,42,D
2025,43C000,ALL,81.7,Met,83.9,82,B
2025,43C000,EDS,81.3,Met,83,82,B
2025,43D000,ALL,30,Met,80.9,40,D
2025,43D000,EDS,22.9,Met,81.7,35,F
2025,440314,ALL,70.9,Met,81.9,73,B
2025,440314,EDS,63.8,Met,77.4,67,C
2025,440318,ALL,72.2,NotMet,64.2,71,B
2025,440318,EDS,68.1,Met,70.9,69,C
2025,440320,ALL,59.9,Met,80,64,C
2025,440320,EDS,51.8,Met,80.3,58,C
2025,440328,ALL,50,NotMet,65,53,D
2025,440328,EDS,41.8,NotMet,63.1,46,D
2025,440332,ALL,85.3,Met,70.3,82,B
2025,440332,EDS,74.4,Met,71,74,B
2025,440346,ALL,98.3,Exceeded,85.5,96,A
2025,440348,ALL,61.6,Met,70.8,63,C
2025,440348,EDS,56.4,Met,72.9,60,C
2025,440349,ALL,60.5,Met,84.5,65,C
2025,440349,EDS,47.7,Met,81,54,D
2025,440350,ALL,73.9,Met,76,74,B
2025,440350,EDS,63.6,Met,80.4,67,C
2025,440364,ALL,46,NotMet,58.4,48,D
2025,440364,EDS,43.4,NotMet,64.4,48,D
2025,440368,ALL,68.1,Met,76.6,70,B
2025,440368,EDS,59.9,Met,73,63,C
2025,440378,ALL,79.9,Exceeded,85.7,81,B
2025,440378,EDS,74.2,Met,84.9,76,B
2025,440390,ALL,75.3,Exceeded,87.7,78,B
2025,440390,EDS,65.3,Met,82.2,69,C
2025,440396,ALL,54.9,NotMet,51.1,54,D
2025,440396,EDS,40.4,NotMet,53.6,43,D
2025,44A000,ALL,53.6,Met,74.7,58,C
2025,44A000,EDS,40.5,Met,73.7,47,D
2025,450301,ALL,49,Exceeded,87.9,57,C
2025,450301,EDS,41.4,Met,84.7,50,D
2025,450302,ALL,62.4,NotMet,69.8,64,C
2025,450302,EDS,44.1,NotMet,68.5,49,D
2025,450306,ALL,55.4,Met,84.2,61,C
2025,450306,EDS,41.6,Met,84.3,50,D
2025,450307,ALL,65.6,Met,80.7,69,C
2025,450307,EDS,62.5,Met,78.6,66,C
2025,450308,ALL,30.2,NotMet,54.4,35,F
2025,450308,EDS,26.3,NotMet,55.4,32,F
2025,450316,ALL,68.9,Exceeded,88.6,73,B
2025,450316,EDS,62.1,Met,84.8,67,C
2025,450322,ALL,50.1,NotMet,54.7,51,D
2025,450322,EDS,45.1,NotMet,58.6,48,D
2025,450324,ALL,72.8,Met,80.3,74,B
2025,450324,EDS,66,Met,80.8,69,C
2025,450328,ALL,39,NotMet,59.6,43,D
2025,450328,EDS,31.4,NotMet,57.8,37,F
2025,450332,ALL,65.4,Met,70,66,C
2025,450332,EDS,51.4,NotMet,65,54,D
2025,450333,ALL,78.5,Met,76.4,78,B
2025,450333,EDS,66.7,Met,76.1,69,C
2025,450334,ALL,71.9,Met,82,74,B
2025,450334,EDS,59.2,Met,79.2,63,C
2025,450335,ALL,62.4,Met,73.8,65,C
2025,450335,BL7,27.7,Met,73.8,37,F
2025,450335,EDS,47,NotMet,68.1,51,D
2025,450336,ALL,48.1,Met,73.1,53,D
2025,450336,EDS,38.1,Met,74.4,45,D
2025,450339,ALL,81.2,Met,72.3,79,B
2025,450339,EDS,63.6,Met,74.5,66,C
2025,450340,ALL,73.6,Met,83.7,76,B
2025,450340,EDS,58.5,Met,71,61,C
2025,450341,ALL,70.6,Exceeded,98.9,76,B
2025,450341,EDS,65.4,Exceeded,94.6,71,B
2025,450342,ALL,69,Met,80.4,71,B
2025,450342,EDS,51.4,Met,77.4,57,C
2025,450344,ALL,46.6,Exceeded,85.4,54,D
2025,450344,EDS,45.7,Exceeded,85.2,54,D
2025,450346,ALL,43,Met,72.7,49,D
2025,450346,EDS,32.3,Met,72.5,40,D
2025,450352,ALL,76.1,NotMet,62.4,73,B
2025,450352,EDS,62,NotMet,60,62,C
2025,450354,ALL,94,Exceeded,89.7,93,A
2025,450354,EDS,93.3,Exceeded,86.7,92,A
2025,45A000,ALL,61.8,Met,76.7,65,C
2025,45A000,EDS,55.1,,,55,C
2025,45B000,ALL,54.9,Met,73,59,C
2025,45B000,EDS,41.4,Met,74.2,48,D
2025,460308,ALL,36.3,Met,78.9,45,D
2025,460308,BL7,33.6,Met,78,42,D
2025,460308,EDS,30.1,Met,75.9,39,F
2025,460312,ALL,44.8,Met,84.5,53,D
2025,460312,BL7,44.8,Met,81.7,52,D
2025,460312,EDS,42,Met,82.5,50,D
2025,460318,ALL,25.4,NotMet,58.1,32,F
2025,460318,BL7,21.1,NotMet,57.4,28,F
2025,460318,EDS,23.6,NotMet,58.6,31,F
2025,460320,ALL,49.9,NotMet,59.7,52,D
2025,460320,BL7,48.5,NotMet,62.5,51,D
2025,460320,EDS,47.5,NotMet,62.2,50,D
2025,460322,ALL,75.6,Met,84.7,77,B
2025,460322,BL7,64.2,Met,82.4,68,C
2025,460322,EDS,63.5,Met,84.2,68,C
2025,460332,ALL,37.8,Met,73.1,45,D
2025,460332,BL7,34.1,Met,73,42,D
2025,460332,EDS,37.3,Met,72.8,44,D
2025,460340,ALL,77.5,Exceeded,93.7,81,B
2025,460340,BL7,81.7,Exceeded,93.2,84,B
2025,460340,EDS,75.6,Exceeded,88.7,78,B
2025,470310,ALL,65.6,Met,83.4,69,C
2025,470310,BL7,55.6,Met,83.9,61,C
2025,470310,EDS,52.1,Met,76.7,57,C
2025,470312,ALL,58.7,Exceeded,86,64,C
2025,470312,BL7,56.3,Met,82.1,61,C
2025,470312,EDS,53.7,Met,82.5,59,C
2025,470316,ALL,48.9,Met,82.3,56,C
2025,470316,BL7,33.6,Met,75.3,42,D
2025,470316,EDS,39.4,Met,78.5,47,D
2025,470320,ALL,38.7,NotMet,58.1,43,D
2025,470320,BL7,33.2,NotMet,61.2,39,F
2025,470320,EDS,33.1,NotMet,59.3,38,F
2025,470328,ALL,48.7,NotMet,67.1,52,D
2025,470328,BL7,44.7,NotMet,66.5,49,D
2025,470328,EDS,39.9,NotMet,66.9,45,D
2025,470330,ALL,26.6,Exceeded,89.6,39,F
2025,470330,EDS,22.2,Exceeded,90,36,F
2025,470332,ALL,37.7,NotMet,50,40,D
2025,470332,BL7,32.4,NotMet,51.5,36,F
2025,470332,EDS,30.9,NotMet,50,35,F
2025,470336,ALL,41.4,NotMet,55,44,D
2025,470336,BL7,42.6,NotMet,57,45,D
2025,470336,EDS,34.1,NotMet,56.9,39,F
2025,470340,ALL,54.2,NotMet,56.2,55,C
2025,470340,BL7,38.1,NotMet,61.8,43,D
2025,470340,EDS,39.6,NotMet,58.7,43,D
2025,470346,ALL,54.9,Met,80.4,60,C
2025,470346,BL7,51.1,Met,79.2,57,C
2025,470346,EDS,43.3,Met,81.2,51,D
2025,470441,ALL,59.4,Met,83.4,64,C
2025,470441,BL7,56.4,Met,79.5,61,C
2025,470441,EDS,54.5,Met,84.1,60,C
2025,470442,ALL,38.6,NotMet,50,41,D
2025,470442,BL7,30.6,NotMet,55,35,F
2025,470442,EDS,32.2,NotMet,50,36,F
2025,470443,ALL,89.6,Exceeded,100,92,A
2025,470443,BL7,86,Exceeded,94.8,88,A
2025,470443,EDS,88.6,Exceeded,94.4,90,A
2025,480306,ALL,35.6,NotMet,69.7,42,D
2025,480306,BL7,29.6,Met,80.6,40,D
2025,480306,EDS,28.3,Met,75.7,38,F
2025,480316,ALL,72.7,Met,77.7,74,B
2025,480316,EDS,74.6,,,75,B
2025,480318,ALL,75.7,,,76,B
2025,490307,ALL,87.1,Met,81.3,86,A
2025,490308,ALL,68.2,Met,84,71,B
2025,490308,BL7,32.3,Met,82.8,42,D
2025,490308,EDS,49.2,Met,78.2,55,C
2025,490310,ALL,64.8,,,65,C
2025,490312,ALL,59,Met,82.8,64,C
2025,490312,EDS,48,Met,80.4,54,D
2025,490316,ALL,66.6,NotMet,68.1,67,C
2025,490316,EDS,43.6,Met,72.3,49,D
2025,490318,ALL,65.3,NotMet,68.3,66,C
2025,490318,BL7,32.9,NotMet,69.4,40,D
2025,490318,EDS,45.4,NotMet,63,49,D
2025,490319,ALL,45.2,NotMet,63.3,49,D
2025,490319,BL7,28.6,Met,71.2,37,F
2025,490319,EDS,43.1,NotMet,67.1,48,D
2025,490320,ALL,97.1,Exceeded,89.5,96,A
2025,490324,ALL,75.8,Met,70.8,75,B
2025,490324,EDS,67.8,NotMet,65.6,67,C
2025,490326,ALL,41.3,Met,80.9,49,D
2025,490326,BL7,32.6,Met,77.2,42,D
2025,490326,EDS,31,Met,78.2,40,D
2025,490327,ALL,24.6,NotMet,64.9,33,F
2025,490327,BL7,18.7,Met,71.2,29,F
2025,490327,EDS,24,NotMet,68.6,33,F
2025,490332,ALL,65.2,Exceeded,89,70,B
2025,490332,EDS,55.3,Met,84.6,61,C
2025,490333,ALL,59.7,,,60,C
2025,490335,ALL,79.7,Met,70.5,78,B
2025,490335,BL7,45.3,Met,83,53,D
2025,490335,EDS,63.6,NotMet,68.9,65,C
2025,490336,ALL,76.6,NotMet,59.6,73,B
2025,490336,EDS,62.3,NotMet,68.7,64,C
2025,490337,ALL,65.4,Met,78.3,68,C
2025,490337,EDS,46.1,Met,76,52,D
2025,490338,ALL,54.2,Exceeded,85.3,60,C
2025,490338,BL7,39.2,Met,80.4,47,D
2025,490338,EDS,45.9,Met,82.7,53,D
2025,490344,ALL,87.8,Met,82.8,87,A
2025,490344,EDS,80,Met,76.6,79,B
2025,490345,ALL,27.1,NotMet,59.1,34,F
2025,490345,BL7,20.8,NotMet,66.7,30,F
2025,490345,EDS,23.6,NotMet,59.7,31,F
2025,490346,ALL,64.8,Exceeded,92.6,70,B
2025,490346,EDS,56.5,Exceeded,85.7,62,C
2025,490347,ALL,76,NotMet,69.5,75,B
2025,490347,BL7,55.7,Met,80.6,61,C
2025,490347,EDS,67.2,Met,72.1,68,C
2025,490348,ALL,54,NotMet,62.7,56,C
2025,490348,EDS,49.4,NotMet,66.8,53,D
2025,490349,ALL,45.8,NotMet,50,47,D
2025,490349,EDS,34.4,NotMet,53,38,F
2025,490352,ALL,21.7,NotMet,56.6,29,F
2025,490352,BL7,16.1,NotMet,58.3,25,F
2025,490352,EDS,21.2,NotMet,58.8,29,F
2025,490354,ALL,47.4,Met,78.6,54,D
2025,490354,BL7,42.2,Met,73.5,48,D
2025,490354,EDS,45.9,Met,81,53,D
2025,490355,ALL,97.3,Exceeded,92.3,96,A
2025,490356,ALL,64.4,Met,74.3,66,C
2025,490356,EDS,58,Met,76.2,62,C
2025,490360,ALL,58,NotMet,64.5,59,C
2025,490360,BL7,27.9,Met,72.7,37,F
2025,490360,EDS,45.9,Met,70.8,51,D
2025,490362,ALL,70.4,Met,71.9,71,B
2025,490362,BL7,54.4,Met,72.5,58,C
2025,490362,EDS,54.6,Met,72.6,58,C
2025,490363,ALL,36.6,NotMet,62.4,42,D
2025,490363,BL7,25.9,Met,70,35,F
2025,490363,EDS,30.8,NotMet,64.8,38,F
2025,490364,ALL,61.9,Met,81.2,66,C
2025,490364,BL7,37.7,NotMet,63.9,43,D
2025,490364,EDS,40.3,Met,73.4,47,D
2025,490366,ALL,31.5,NotMet,50,35,F
2025,490366,BL7,15.7,NotMet,52.2,23,F
2025,490366,EDS,22.9,NotMet,50.5,28,F
2025,490368,ALL,62.7,Met,80.8,66,C
2025,490368,EDS,48.7,Met,78.9,55,C
2025,490380,ALL,56.7,NotMet,55.8,57,C
2025,490380,BL7,18.8,Met,70.1,29,F
2025,490380,EDS,45.2,NotMet,63.2,49,D
2025,490384,ALL,38.4,Met,74.5,46,D
2025,490384,BL7,15.7,Met,81.2,29,F
2025,490384,EDS,31.1,Met,76.8,40,D
2025,490390,ALL,79.3,Met,73.9,78,B
2025,490390,EDS,58.7,Met,71.2,61,C
2025,491303,ALL,66.7,Exceeded,96.7,73,B
2025,491303,BL7,49.3,Exceeded,90.6,58,C
2025,491303,EDS,53,Exceeded,90.3,60,C
2025,491306,ALL,65.9,Exceeded,95.7,72,B
2025,491306,BL7,43.6,Met,81.8,51,D
2025,491306,EDS,49.3,Exceeded,92.1,58,C
2025,491308,ALL,66.7,Exceeded,96.1,73,B
2025,491308,BL7,45.5,Exceeded,91.5,55,C
2025,491308,EDS,51.1,Exceeded,92.3,59,C
2025,491312,ALL,69.5,Met,80.4,72,B
2025,491312,BL7,54.6,Met,72.7,58,C
2025,491312,EDS,56.1,Met,71,59,C
2025,491316,ALL,,,,73,B
2025,491316,BL7,,,,58,C
2025,491316,EDS,,,,60,C
2025,491318,ALL,,,,72,B
2025,491318,BL7,,,,51,D
2025,491318,EDS,,,,58,C
2025,491319,ALL,62.2,NotMet,62.9,62,C
2025,491319,BL7,42.3,Met,80.2,50,D
2025,491319,EDS,46.2,Met,73.6,52,D
2025,491320,ALL,,,,72,B
2025,491320,BL7,,,,51,D
2025,491320,EDS,,,,58,C
2025,49B000,ALL,41.3,Met,75.6,48,D
2025,49B000,BL7,21.7,NotMet,62,30,F
2025,49B000,EDS,30.2,NotMet,62.6,37,F
2025,49D000,ALL,37,Exceeded,87.6,47,D
2025,49D000,BL7,37,Exceeded,86.6,47,D
2025,49D000,EDS,35.9,,,36,F
2025,49E000,ALL,88.1,Met,72.7,85,A
2025,49E000,EDS,77.8,Met,80.1,78,B
2025,49F000,ALL,65.5,Exceeded,89.6,70,B
2025,49F000,BL7,52.6,Met,82.4,59,C
2025,49F000,EDS,54,Exceeded,89.1,61,C
2025,49G000,ALL,48.6,NotMet,67.7,52,D
2025,49G000,BL7,32.9,Met,80.9,43,D
2025,49G000,EDS,36.9,NotMet,67,43,D
2025,500302,ALL,40.2,NotMet,56.7,44,D
2025,500302,EDS,41.5,,,42,D
2025,500304,ALL,45.3,NotMet,68.3,50,D
2025,500304,EDS,35.5,Met,73.7,43,D
2025,500314,ALL,57.7,NotMet,64.5,59,C
2025,500314,EDS,46.8,NotMet,68.8,51,D
2025,500316,ALL,60.3,Met,82.3,65,C
2025,500316,EDS,48.4,,,48,D
2025,500323,ALL,76.3,Exceeded,85.4,78,B
2025,500332,ALL,46.1,Met,83.6,54,D
2025,500332,EDS,38.9,Met,83.2,48,D
2025,500337,ALL,32.9,NotMet,65.9,40,D
2025,500337,EDS,27.6,NotMet,63.3,35,F
2025,500340,ALL,65.1,Met,80.4,68,C
2025,500340,EDS,52.6,Met,76,57,C
2025,50A000,ALL,72.4,Met,80.9,74,B
2025,50A000,EDS,57.3,,,57,C
2025,50Z000,ALL,60.3,Met,80.4,64,C
2025,510308,ALL,64,NotMet,64.6,64,C
2025,510308,BL7,44.3,Met,80.5,52,D
2025,510308,EDS,60.6,NotMet,66.3,62,C
2025,510310,ALL,47.4,Met,83.8,55,C
2025,510310,BL7,33.6,Met,83.7,44,D
2025,510310,EDS,37.7,Met,82.5,47,D
2025,510324,ALL,68.3,Exceeded,88.4,72,B
2025,510324,BL7,59.6,Exceeded,88.5,65,C
2025,510324,EDS,60.3,Exceeded,89.5,66,C
2025,510325,ALL,96,Exceeded,90.1,95,A
2025,510325,EDS,100,Met,84.6,97,A
2025,510326,ALL,57.4,Exceeded,89.5,64,C
2025,510326,BL7,52.5,Met,84.3,59,C
2025,510326,EDS,50.8,Exceeded,86,58,C
2025,510327,ALL,69,Met,83.3,72,B
2025,510327,BL7,58.1,Met,80.3,63,C
2025,510327,EDS,58.1,Met,82.8,63,C
2025,510328,ALL,76.6,NotMet,68.2,75,B
2025,510328,BL7,65.7,Met,74.2,67,C
2025,510328,EDS,58.8,Met,74.8,62,C
2025,510329,ALL,60.7,Met,74.3,63,C
2025,510329,BL7,50,Exceeded,87.3,57,C
2025,510329,EDS,44.3,Met,80.6,52,D
2025,510330,ALL,53.9,NotMet,62,56,C
2025,510330,BL7,43.8,Met,70.1,49,D
2025,510330,EDS,48.4,NotMet,62.3,51,D
2025,510332,ALL,57.6,Exceeded,86.9,63,C
2025,510332,BL7,52.3,Met,83.3,59,C
2025,510332,EDS,52.9,Exceeded,86,60,C
2025,510333,ALL,70.5,Met,83,73,B
2025,510333,BL7,57.9,Met,83.1,63,C
2025,510333,EDS,56.9,Met,78.4,61,C
2025,510334,ALL,68.4,Met,79.7,71,B
2025,510334,EDS,61.4,Met,75.1,64,C
2025,510336,ALL,53.8,Exceeded,86.8,60,C
2025,510336,BL7,41.1,Met,82.4,49,D
2025,510336,EDS,40.8,Met,83.1,49,D
2025,510340,ALL,58.5,Exceeded,91.5,65,C
2025,510340,BL7,37.7,Met,83.7,47,D
2025,510340,EDS,46,Exceeded,86.7,54,D
2025,510342,ALL,58.1,Exceeded,95.8,66,C
2025,510342,BL7,47.5,Exceeded,91,56,C
2025,510342,EDS,52.7,Exceeded,93.7,61,C
2025,510343,ALL,60.4,Exceeded,91.9,67,C
2025,510343,EDS,54.5,Exceeded,90.1,62,C
2025,510344,ALL,53.5,NotMet,67,56,C
2025,510344,BL7,41.8,Met,77.8,49,D
2025,510344,EDS,45,Met,70.5,50,D
2025,510356,ALL,56.4,Met,76.9,61,C
2025,510356,EDS,48,Met,73,53,D
2025,510358,ALL,61.3,Exceeded,85.5,66,C
2025,510358,BL7,45.9,Met,73.6,51,D
2025,510358,EDS,49.2,Met,82.8,56,C
2025,510359,ALL,58,NotMet,69.6,60,C
2025,510359,BL7,45,Met,75,51,D
2025,510359,EDS,47.1,NotMet,65.6,51,D
2025,510360,ALL,65.8,Exceeded,89,70,B
2025,510360,EDS,60,Met,83.5,65,C
2025,510364,ALL,63.8,NotMet,67,64,C
2025,510364,BL7,53.5,Met,80.8,59,C
2025,510364,EDS,49.7,Met,72.5,54,D
2025,510367,ALL,98.2,Met,80.6,95,A
2025,510368,ALL,64.9,Met,71.2,66,C
2025,510368,BL7,40,Met,81.9,48,D
2025,510368,EDS,57.7,Met,72.2,61,C
2025,510372,ALL,73.3,Exceeded,92.7,77,B
2025,510372,EDS,70.5,Met,84.1,73,B
2025,510373,ALL,73,Met,80.4,74,B
2025,510373,BL7,67.9,Met,78.1,70,B
2025,510373,EDS,64.6,Met,80.2,68,C
2025,510374,ALL,64.9,Exceeded,88.2,70,B
2025,510374,EDS,55.1,Exceeded,87.2,62,C
2025,510376,ALL,59.9,Met,76.9,63,C
2025,510376,BL7,35.9,Met,82,45,D
2025,510376,EDS,50.5,Met,80.1,56,C
2025,510377,ALL,69.5,Exceeded,89.1,73,B
2025,510377,BL7,56.3,Met,78.4,61,C
2025,510377,EDS,55.2,Exceeded,86.4,61,C
2025,510378,ALL,77.1,Exceeded,91.8,80,B
2025,510378,BL7,62.3,Met,84.4,67,C
2025,510378,EDS,63.6,Exceeded,89,69,C
2025,510379,ALL,57.4,NotMet,56.7,57,C
2025,510379,BL7,45.9,NotMet,62.4,49,D
2025,510379,EDS,43.7,NotMet,57.8,47,D
2025,510382,ALL,83.7,Met,74.1,82,B
2025,510382,BL7,70.7,Met,84.7,74,B
2025,510382,EDS,76.9,Met,72.9,76,B
2025,510383,ALL,68.4,Exceeded,91.8,73,B
2025,510383,BL7,59.7,Met,83.9,65,C
2025,510383,EDS,65.1,Exceeded,87.9,70,B
2025,510388,ALL,48.6,Exceeded,90.6,57,C
2025,510388,BL7,37.8,Exceeded,87.6,48,D
2025,510388,EDS,46.2,Exceeded,87.7,55,C
2025,510390,ALL,38.4,Met,83.2,47,D
2025,510390,BL7,23.9,Met,75.2,34,F
2025,510390,EDS,35.8,Met,80.4,45,D
2025,510396,ALL,47.4,Exceeded,87.3,55,C
2025,510396,BL7,25,Met,83.1,37,F
2025,510396,EDS,41.5,Exceeded,87.4,51,D
2025,510397,ALL,34.7,NotMet,57.9,39,F
2025,510397,BL7,29.1,NotMet,65.3,36,F
2025,510397,EDS,31.9,NotMet,59.7,37,F
2025,510399,ALL,58.4,NotMet,56.6,58,C
2025,510399,BL7,53.9,Met,74.7,58,C
2025,510399,EDS,51.8,NotMet,58,53,D
2025,510402,ALL,63.8,Met,75.5,66,C
2025,510402,BL7,53.9,Met,83.3,60,C
2025,510402,EDS,58,Met,82,63,C
2025,510404,ALL,41,Met,70.1,47,D
2025,510404,BL7,31.5,Met,78.1,41,D
2025,510404,EDS,34,NotMet,68.6,41,D
2025,510406,ALL,67.6,NotMet,59.4,66,C
2025,510406,BL7,60.7,Met,75,64,C
2025,510406,EDS,55.9,NotMet,61.6,57,C
2025,510408,ALL,52.6,Exceeded,91.7,60,C
2025,510408,BL7,43.3,Exceeded,86.4,52,D
2025,510408,EDS,49.2,Exceeded,88.2,57,C
2025,510410,ALL,61.6,Met,82.7,66,C
2025,510410,BL7,43.6,Met,80.9,51,D
2025,510410,EDS,47.4,Met,81.7,54,D
2025,510411,ALL,55.4,NotMet,67.6,58,C
2025,510411,BL7,40.2,Met,80.9,48,D
2025,510411,EDS,44.4,Met,76.1,51,D
2025,510412,ALL,52.5,Met,83.1,59,C
2025,510412,BL7,49.3,Met,82,56,C
2025,510412,EDS,42.2,Met,80.2,50,D
2025,510414,ALL,67.6,Exceeded,87.8,72,B
2025,510414,BL7,54.9,Met,82.3,60,C
2025,510414,EDS,57.5,Exceeded,85.9,63,C
2025,51A000,ALL,63.7,Met,83,68,C
2025,51A000,BL7,53.1,Met,81.1,59,C
2025,51A000,EDS,52.9,Met,70,56,C
2025,51B000,ALL,62.3,Met,73.8,65,C
2025,51B000,BL7,48.8,Met,75.1,54,D
2025,51B000,EDS,56.6,Met,76.9,61,C
2025,51C000,ALL,58.2,Met,73.7,61,C
2025,51C000,BL7,45.3,Met,71.4,51,D
2025,51C000,EDS,46.4,NotMet,69.6,51,D
2025,520304,ALL,67,NotMet,61.7,66,C
2025,520304,EDS,56.3,NotMet,69.4,59,C
2025,520308,ALL,63.5,Exceeded,85.5,68,C
2025,520308,EDS,56.6,Exceeded,87.3,63,C
2025,520328,ALL,64.3,Exceeded,85.6,69,C
2025,520328,EDS,62.5,Met,83.7,67,C
2025,520336,ALL,54.5,Met,72.5,58,C
2025,520336,EDS,58.6,NotMet,69.5,61,C
2025,520344,ALL,59.6,Met,78.3,63,C
2025,520344,BL7,45.3,Met,81.8,53,D
2025,520344,EDS,54.2,Met,75.3,58,C
2025,530302,ALL,53.8,Met,75.2,58,C
2025,530302,BL7,36.6,Met,78.1,45,D
2025,530302,EDS,38.2,Met,74,45,D
2025,530308,ALL,43.8,Met,83.3,52,D
2025,530308,BL7,36.3,Met,81.9,45,D
2025,530308,EDS,35.4,Met,79,44,D
2025,530312,ALL,60.2,Met,84.1,65,C
2025,530312,BL7,47.5,Met,80.4,54,D
2025,530312,EDS,53,Met,82.9,59,C
2025,530314,ALL,35.8,NotMet,50,39,F
2025,530314,BL7,27.5,NotMet,66.2,35,F
2025,530314,EDS,30,NotMet,53.1,35,F
2025,530320,ALL,66.1,NotMet,69.3,67,C
2025,530320,BL7,51.6,Met,74.8,56,C
2025,530320,EDS,60.8,Met,72.6,63,C
2025,530335,ALL,92.5,Met,77.1,89,A
2025,530335,EDS,93.9,Met,75.4,90,A
2025,530336,ALL,51.9,NotMet,52.9,52,D
2025,530336,BL7,47.1,NotMet,65.5,51,D
2025,530336,EDS,44.7,NotMet,57.4,47,D
2025,530340,ALL,56,NotMet,69.1,59,C
2025,530340,BL7,47.1,Met,75.8,53,D
2025,530340,EDS,51,Met,75.7,56,C
2025,530341,ALL,54.1,Exceeded,89.7,61,C
2025,530341,BL7,41.9,Met,83.4,50,D
2025,530341,EDS,47,Exceeded,85.8,55,C
2025,530343,ALL,54.9,NotMet,51.8,54,D
2025,530343,BL7,47,NotMet,61.4,50,D
2025,530343,EDS,50.7,NotMet,54.4,51,D
2025,530346,ALL,72.5,NotMet,63.9,71,B
2025,530346,BL7,67.7,Met,79.5,70,B
2025,530346,EDS,59.3,NotMet,67.7,61,C
2025,530354,ALL,51.7,Met,81.4,58,C
2025,530354,BL7,41.2,Met,82.5,49,D
2025,530354,EDS,46.2,Met,78.8,53,D
2025,530356,ALL,42.5,Exceeded,95.3,53,D
2025,530356,BL7,40,Exceeded,89.7,50,D
2025,530356,EDS,35.6,Exceeded,92.2,47,D
2025,530360,ALL,45.7,Met,70.1,51,D
2025,530360,BL7,39.8,Met,70.7,46,D
2025,530360,EDS,40.9,Met,71.2,47,D
2025,53B000,ALL,63.1,NotMet,59.4,62,C
2025,53B000,BL7,41.9,Met,77.4,49,D
2025,53B000,EDS,49.7,NotMet,69.6,54,D
2025,53B310,ALL,31.9,,,32,F
2025,53C000,ALL,36.9,NotMet,60,42,D
2025,53C000,BL7,34.4,NotMet,66.1,41,D
2025,53C000,EDS,29.4,NotMet,64.9,37,F
2025,53D000,ALL,72.7,Exceeded,90.5,76,B
2025,53D000,EDS,63.9,Exceeded,86.4,68,C
2025,540304,ALL,64.3,Exceeded,89.7,69,C
2025,540304,BL7,53.3,Exceeded,85.5,60,C
2025,540304,EDS,61.8,Exceeded,86.7,67,C
2025,540308,ALL,46.1,Met,81.9,53,D
2025,540308,BL7,37.5,Met,78.3,46,D
2025,540308,EDS,40.9,Met,80.6,49,D
2025,540312,ALL,44.3,Met,70.4,50,D
2025,540312,BL7,31.1,Met,71.5,39,F
2025,540312,EDS,39.3,Met,74.2,46,D
2025,540315,ALL,43.3,NotMet,59,46,D
2025,540315,BL7,42.5,NotMet,60.2,46,D
2025,540315,EDS,42,NotMet,59.4,45,D
2025,540316,ALL,49.9,NotMet,67.4,53,D
2025,540316,BL7,40.4,Met,80.2,48,D
2025,540316,EDS,42.6,NotMet,66.1,47,D
2025,540317,ALL,86.3,Met,70.2,83,B
2025,540317,EDS,86.9,Met,73.2,84,B
2025,540320,ALL,75,Met,81.1,76,B
2025,540320,BL7,48.3,,,48,D
2025,540320,EDS,71,Met,82.3,73,B
2025,540324,ALL,59.7,NotMet,58.6,59,C
2025,540324,BL7,50.4,NotMet,62.2,53,D
2025,540324,EDS,52,NotMet,58.5,53,D
2025,540325,ALL,36.5,Met,81.4,45,D
2025,540325,BL7,35.6,Met,82.7,45,D
2025,540325,EDS,33.7,Met,80.5,43,D
2025,540326,ALL,53.6,Exceeded,85.6,60,C
2025,540326,BL7,49.9,Exceeded,85.9,57,C
2025,540326,EDS,51.7,Met,84.5,58,C
2025,540328,ALL,59.1,NotMet,58.9,59,C
2025,540328,EDS,57,NotMet,62.3,58,C
2025,540330,ALL,33.6,Exceeded,95.6,46,D
2025,540330,BL7,32.9,Exceeded,95,45,D
2025,540330,EDS,32.3,Exceeded,94.8,45,D
2025,540336,ALL,62.7,NotMet,56,61,C
2025,540336,BL7,32.2,NotMet,69.1,40,D
2025,540336,EDS,54.8,NotMet,59.8,56,C
2025,540338,ALL,39.9,Exceeded,85.4,49,D
2025,540338,BL7,38.2,Met,84.9,48,D
2025,540338,EDS,36.8,Met,83.6,46,D
2025,540340,ALL,58.5,Met,81.2,63,C
2025,540340,EDS,52.9,Met,70.5,56,C
2025,540344,ALL,47.8,Met,78,54,D
2025,540344,BL7,31.9,Met,79.4,41,D
2025,540344,EDS,40,Met,78.6,48,D
2025,550312,ALL,69.1,Exceeded,96.6,75,B
2025,550312,BL7,55,Exceeded,85,61,C
2025,550312,EDS,63.7,Exceeded,92.9,70,B
2025,550314,ALL,75.5,NotMet,57,72,B
2025,550314,EDS,55.3,NotMet,57.6,56,C
2025,550316,ALL,47.4,NotMet,56.5,49,D
2025,550316,EDS,44.3,NotMet,59.5,47,D
2025,550320,ALL,75.1,Met,71,74,B
2025,550320,BL7,52.1,Met,83.3,58,C
2025,550320,EDS,63.6,Met,75.4,66,C
2025,550322,ALL,62.4,NotMet,56.5,61,C
2025,550322,BL7,35,Met,70,42,D
2025,550322,EDS,44,NotMet,57.1,47,D
2025,550328,ALL,69.8,Exceeded,90.2,74,B
2025,550328,EDS,59.4,Exceeded,85.6,65,C
2025,550332,ALL,61.4,NotMet,62.3,62,C
2025,550332,BL7,49.3,Met,75.5,55,C
2025,550332,EDS,53.1,NotMet,69.5,56,C
2025,550334,ALL,42.9,NotMet,64.1,47,D
2025,550334,BL7,41.4,Met,83.9,50,D
2025,550334,EDS,35.6,NotMet,59.9,40,D
2025,550336,ALL,43,Met,74,49,D
2025,550336,EDS,34.8,NotMet,68.9,42,D
2025,550340,ALL,52.3,Exceeded,85,59,C
2025,550340,EDS,43.8,Met,82.2,51,D
2025,550342,ALL,62.6,NotMet,69.4,64,C
2025,550342,EDS,57.6,Met,74.2,61,C
2025,550344,ALL,72.9,NotMet,59.4,70,B
2025,550344,EDS,52.6,NotMet,66.8,55,C
2025,550348,ALL,,,,62,C
2025,550348,EDS,,,,54,D
2025,550349,ALL,60.6,NotMet,67.7,62,C
2025,550349,EDS,48.6,Met,74.1,54,D
2025,550350,ALL,67.7,NotMet,65,67,C
2025,550350,BL7,45.2,Met,77.1,52,D
2025,550350,EDS,45.1,Met,72.7,51,D
2025,550356,ALL,79.3,Met,84.7,80,B
2025,550356,EDS,58.1,Met,84.1,63,C
2025,550360,ALL,53.7,Met,79.1,59,C
2025,550360,EDS,38,Met,79.6,46,D
2025,550362,ALL,71.5,Met,71.9,72,B
2025,550362,EDS,49.6,Met,76.5,55,C
2025,550364,ALL,68.4,Met,81.8,71,B
2025,550364,EDS,56.4,Met,77.1,61,C
2025,550368,ALL,69.8,NotMet,62.4,68,C
2025,550368,EDS,61.1,NotMet,69.4,63,C
2025,550372,ALL,54.6,NotMet,57.3,55,C
2025,550372,EDS,45.1,NotMet,59.8,48,D
2025,55A000,ALL,75.7,Met,82.4,77,B
2025,55A000,BL7,54.6,Met,80.5,60,C
2025,55A000,EDS,65,Met,77.6,68,C
2025,55B000,ALL,54.9,Exceeded,90.4,62,C
2025,55B000,BL7,44.2,,,44,D
2025,55B000,EDS,46.6,Exceeded,88.3,55,C
2025,560304,ALL,60.2,Met,80.6,64,C
2025,560304,EDS,48.5,Met,73.1,53,D
2025,560316,ALL,48.2,Met,71,53,D
2025,560316,EDS,48.1,Met,74.1,53,D
2025,560320,ALL,70,NotMet,63.9,69,C
2025,560320,EDS,64.6,NotMet,66,65,C
2025,560324,ALL,54.3,Met,72.6,58,C
2025,560324,EDS,44.8,Met,73.9,51,D
2025,560328,ALL,52.6,Met,73.5,57,C
2025,560328,EDS,51.3,Met,80,57,C
2025,560329,ALL,83.8,Met,81.3,83,B
2025,560330,ALL,50.6,Exceeded,85.3,58,C
2025,560330,EDS,46.5,Met,82.9,54,D
2025,560331,ALL,49.2,NotMet,54.5,50,D
2025,560331,EDS,43,NotMet,55.7,46,D
2025,560332,ALL,47.6,,,48,D
2025,560338,ALL,60.8,NotMet,62.4,61,C
2025,560338,EDS,62.6,NotMet,69.4,64,C
2025,560340,ALL,81.8,,,82,B
2025,570306,ALL,52.8,NotMet,68.8,56,C
2025,570306,EDS,42.5,Met,70.9,48,D
2025,570312,ALL,57.9,Met,80,62,C
2025,570312,EDS,54.1,Met,74.1,58,C
2025,570317,ALL,78.8,Met,82.8,80,B
2025,570318,ALL,68.1,NotMet,62.8,67,C
2025,570318,EDS,64.5,NotMet,67.2,65,C
2025,570319,ALL,56.5,NotMet,56.2,56,C
2025,570319,EDS,45.3,NotMet,59,48,D
2025,570320,ALL,54.4,NotMet,67.1,57,C
2025,570320,EDS,43.9,Met,75.7,50,D
2025,580308,ALL,,,,48,D
2025,580308,BL7,,,,41,D
2025,580308,EDS,,,,47,D
2025,580312,ALL,42.7,NotMet,66.8,48,D
2025,580312,BL7,33.2,Met,70.5,41,D
2025,580312,EDS,40.6,Met,71.5,47,D
2025,580316,ALL,36.7,NotMet,62.3,42,D
2025,580316,BL7,25.5,NotMet,65.8,34,F
2025,580316,EDS,30.6,NotMet,67.4,38,F
2025,580324,ALL,64.7,Met,80.6,68,C
2025,580324,EDS,50,Met,84.5,57,C
2025,580337,ALL,31.6,Met,84.6,42,D
2025,580337,BL7,25.8,Met,83.5,37,F
2025,580337,EDS,29.6,Met,84.5,41,D
2025,580356,ALL,63.3,Met,83.5,67,C
2025,580356,EDS,47.8,Met,83.4,55,C
2025,580372,ALL,39.4,NotMet,67.2,45,D
2025,580372,BL7,30.7,NotMet,69.8,39,F
2025,580372,EDS,27.5,NotMet,67,35,F
2025,580385,ALL,56.4,Exceeded,86.2,62,C
2025,580385,BL7,48.8,Exceeded,85.4,56,C
2025,580385,EDS,50.6,Exceeded,85.2,58,C
2025,58B000,ALL,62.1,Met,78.9,65,C
2025,58B000,EDS,41.5,Met,74.2,48,D
2025,590306,ALL,60.1,Met,80.1,64,C
2025,590306,EDS,60.3,Met,81.2,64,C
2025,590310,ALL,42.6,Met,70.2,48,D
2025,590310,EDS,37.9,Met,71.7,45,D
2025,590316,ALL,47.4,NotMet,68.9,52,D
2025,590316,EDS,39.8,Met,70.8,46,D
2025,590320,ALL,61.9,NotMet,58,61,C
2025,590320,EDS,58.8,NotMet,58.5,59,C
2025,590326,ALL,87.7,Exceeded,89.3,88,A
2025,590326,EDS,94.4,Exceeded,86.7,93,A
2025,590328,ALL,89.7,Exceeded,88.2,89,A
2025,590328,EDS,90.9,,,91,A
2025,590330,ALL,54.4,NotMet,53.5,54,D
2025,590330,EDS,45.2,NotMet,52.2,47,D
2025,590332,ALL,57.9,Exceeded,86.7,64,C
2025,590332,EDS,55.1,Met,83.4,61,C
2025,590336,ALL,46.6,Met,78.2,53,D
2025,590336,EDS,38.1,Met,78.2,46,D
2025,590340,ALL,64.9,Met,82.2,68,C
2025,590340,EDS,58.5,Exceeded,85.6,64,C
2025,590344,ALL,56.4,Met,80.1,61,C
2025,590344,EDS,41,Met,76.1,48,D
2025,590352,ALL,51.4,NotMet,61,53,D
2025,590352,EDS,45,NotMet,63.4,49,D
2025,590356,ALL,49.8,Met,76.1,55,C
2025,590356,EDS,44.3,Met,70.9,50,D
2025,590393,ALL,71.6,Met,82.3,74,B
2025,590393,EDS,58.5,Met,72.1,61,C
2025,600300,ALL,49.8,Exceeded,93,58,C
2025,600300,BL7,38,Exceeded,89.7,48,D
2025,600300,EDS,53,Exceeded,90.8,61,C
2025,600301,ALL,32.7,Exceeded,86.1,43,D
2025,600301,BL7,34.6,Met,81.6,44,D
2025,600301,EDS,34,Met,81.6,44,D
2025,600302,ALL,88.3,Exceeded,98,90,A
2025,600302,BL7,76.4,Exceeded,89.9,79,B
2025,600302,EDS,74.4,Met,84.8,76,B
2025,600303,ALL,59.6,Exceeded,95.4,67,C
2025,600303,EDS,56.8,Exceeded,92.7,64,C
2025,600304,ALL,89,Exceeded,91.7,90,A
2025,600304,BL7,72,Met,73.3,72,B
2025,600304,EDS,71.2,Met,81.3,73,B
2025,600305,ALL,33.2,NotMet,56.7,38,F
2025,600305,BL7,31.9,NotMet,56.6,37,F
2025,600305,EDS,27.5,NotMet,58.2,34,F
2025,600306,ALL,75.2,Exceeded,92.2,79,B
2025,600306,BL7,72.7,Exceeded,90,76,B
2025,600306,EDS,66.9,Exceeded,89.8,71,B
2025,600308,ALL,67,Exceeded,91.3,72,B
2025,600308,BL7,59.2,Exceeded,86.1,65,C
2025,600308,EDS,69.8,Exceeded,87.9,73,B
2025,600311,ALL,40.1,Exceeded,100,52,D
2025,600311,BL7,34.2,Exceeded,96.2,47,D
2025,600311,EDS,34.9,Exceeded,97.9,48,D
2025,600312,ALL,83.4,Exceeded,85.1,84,B
2025,600312,BL7,66.1,Met,81.8,69,C
2025,600312,EDS,64.8,Met,83.2,68,C
2025,600313,ALL,79.1,Exceeded,94.8,82,B
2025,600313,BL7,62.7,Exceeded,85.1,67,C
2025,600313,EDS,53.8,Exceeded,85.8,60,C
2025,600314,ALL,83.6,Exceeded,93.7,86,A
2025,600314,BL7,75.4,Exceeded,88.2,78,B
2025,600314,EDS,70,Exceeded,87.5,74,B
2025,600316,ALL,57,Met,82.1,62,C
2025,600316,BL7,38.8,Met,82.5,48,D
2025,600316,EDS,34.7,Met,80.1,44,D
2025,600317,ALL,45.9,Exceeded,90.6,55,C
2025,600317,BL7,42.9,Exceeded,87.8,52,D
2025,600317,EDS,44.1,Met,84.1,52,D
2025,600318,ALL,51.7,Exceeded,87.1,59,C
2025,600318,BL7,51.2,Met,83.4,58,C
2025,600318,EDS,48.6,Met,84.7,56,C
2025,600319,ALL,41.3,Exceeded,92.7,52,D
2025,600319,EDS,42.5,Exceeded,90.7,52,D
2025,600322,ALL,83.5,Exceeded,96.4,86,A
2025,600322,BL7,51.1,Exceeded,86.8,58,C
2025,600322,EDS,44.9,Met,82.6,52,D
2025,600327,ALL,62.3,Exceeded,97.2,69,C
2025,600327,BL7,60.4,Exceeded,94.2,67,C
2025,600327,EDS,54.3,Exceeded,95.3,63,C
2025,600328,ALL,70.6,Exceeded,85.3,74,B
2025,600328,BL7,56.6,Met,80.3,61,C
2025,600328,EDS,56.2,Met,82.3,61,C
2025,600329,ALL,51.8,Exceeded,92.4,60,C
2025,600329,BL7,51.3,Exceeded,86.7,58,C
2025,600329,EDS,50.7,Exceeded,88.1,58,C
2025,600333,ALL,62.2,Exceeded,92.4,68,C
2025,600333,BL7,38,Met,84.1,47,D
2025,600333,EDS,35.9,Exceeded,91.8,47,D
2025,600334,ALL,92,,,94,A
2025,600334,BL7,91.3,,,93,A
2025,600334,EDS,91.7,,,93,A
2025,600335,ALL,,,,66,C
2025,600335,BL7,,,,50,D
2025,600335,EDS,,,,49,D
2025,600336,ALL,75.9,Exceeded,85.5,78,B
2025,600338,ALL,55.5,Met,82.9,61,C
2025,600338,BL7,39.8,Met,78.8,48,D
2025,600338,EDS,48.7,Met,83.5,56,C
2025,600341,ALL,29,NotMet,64.5,36,F
2025,600341,BL7,27.3,Met,75.6,37,F
2025,600341,EDS,30.5,NotMet,67.4,38,F
2025,600344,ALL,73.9,Exceeded,85.1,76,B
2025,600344,BL7,71.7,Met,81.6,74,B
2025,600344,EDS,59.2,Met,83.1,64,C
2025,600345,ALL,86.3,Exceeded,100,89,A
2025,600345,BL7,74.7,Exceeded,89.2,78,B
2025,600345,EDS,70.7,Exceeded,93.4,75,B
2025,600346,ALL,78.5,Exceeded,88.8,81,B
2025,600346,EDS,55.3,Met,84,61,C
2025,600349,ALL,61,Exceeded,88.1,66,C
2025,600349,BL7,41.9,Met,80.5,50,D
2025,600349,EDS,41,Met,80.5,49,D
2025,600351,ALL,59.5,Exceeded,100,68,C
2025,600351,BL7,55.1,Exceeded,96.8,63,C
2025,600351,EDS,58.3,Exceeded,96.5,66,C
2025,600352,ALL,58.4,Exceeded,92.5,65,C
2025,600352,BL7,53.9,Exceeded,89.5,61,C
2025,600352,EDS,55.7,Exceeded,88.7,62,C
2025,600353,ALL,66.6,Met,79.1,69,C
2025,600353,BL7,50.7,Met,74,55,C
2025,600353,EDS,49.1,Met,70.7,53,D
2025,600357,ALL,85.8,Exceeded,95.9,88,A
2025,600357,BL7,73.5,,,74,B
2025,600357,EDS,56.9,Met,84.3,62,C
2025,600361,ALL,68.1,Met,82.5,71,B
2025,600361,BL7,63.3,Met,83,67,C
2025,600361,EDS,59.1,Met,81.2,64,C
2025,600362,ALL,40.4,NotMet,62.6,45,D
2025,600362,BL7,37.7,NotMet,68.3,44,D
2025,600362,EDS,34.7,NotMet,65.9,41,D
2025,600364,ALL,90,,,90,A
2025,600365,ALL,34.3,Exceeded,87.8,45,D
2025,600365,BL7,20,Met,70.3,30,F
2025,600365,EDS,31.4,Exceeded,85.9,42,D
2025,600366,ALL,36,Exceeded,94.9,48,D
2025,600366,BL7,30.6,Exceeded,88,42,D
2025,600366,EDS,33.9,Exceeded,93.3,46,D
2025,600367,ALL,88.6,Exceeded,96.9,90,A
2025,600367,BL7,48.5,Exceeded,86.6,56,C
2025,600367,EDS,55,Met,84.7,61,C
2025,600368,ALL,50.9,NotMet,60,53,D
2025,600368,BL7,46.7,NotMet,59.7,49,D
2025,600368,EDS,45.4,NotMet,59.5,48,D
2025,600369,ALL,52.3,Exceeded,91.1,60,C
2025,600369,BL7,52.8,Exceeded,86.5,60,C
2025,600369,EDS,47.6,Exceeded,88.6,56,C
2025,600374,ALL,49,Exceeded,95.6,58,C
2025,600374,BL7,49.4,Exceeded,95.4,59,C
2025,600374,EDS,52,Exceeded,94.2,60,C
2025,600377,ALL,67.2,Exceeded,86.2,71,B
2025,600377,BL7,62.6,Met,80.2,66,C
2025,600377,EDS,59.6,Met,75.3,63,C
2025,600379,ALL,80,Exceeded,85.8,81,B
2025,600379,BL7,42,Met,79.7,50,D
2025,600379,EDS,44.1,Met,81.2,52,D
2025,600381,ALL,33.2,Exceeded,86.8,44,D
2025,600381,BL7,37.3,Met,83.3,47,D
2025,600381,EDS,35.5,Met,83.6,45,D
2025,600382,ALL,85.4,Exceeded,91.2,87,A
2025,600382,EDS,65.6,Met,84.3,69,C
2025,600383,ALL,85.3,Exceeded,95.4,87,A
2025,600383,BL7,73.9,Met,82.2,76,B
2025,600383,EDS,73.5,Exceeded,86.3,76,B
2025,600384,ALL,64.7,Exceeded,90.5,70,B
2025,600384,BL7,67,Exceeded,86.7,71,B
2025,600384,EDS,62.1,Exceeded,88.2,67,C
2025,600385,ALL,71.8,Exceeded,96,77,B
2025,600385,BL7,60.2,Exceeded,86.2,65,C
2025,600385,EDS,59.8,Exceeded,90.7,66,C
2025,600386,ALL,66.1,NotMet,62.4,65,C
2025,600386,BL7,47.9,Met,73.7,53,D
2025,600386,EDS,67.7,NotMet,64.6,67,C
2025,600387,ALL,94.3,Exceeded,95.4,95,A
2025,600387,EDS,90.8,Exceeded,89.8,91,A
2025,600392,ALL,91.8,Exceeded,89.5,91,A
2025,600392,EDS,81.7,Met,83.9,82,B
2025,600394,ALL,59.8,NotMet,62.9,60,C
2025,600394,BL7,51.7,Met,78.1,57,C
2025,600394,EDS,43.8,NotMet,68.4,49,D
2025,600397,ALL,40.8,NotMet,61.2,45,D
2025,600397,BL7,40.5,NotMet,58.5,44,D
2025,600397,EDS,40.3,NotMet,64,45,D
2025,600398,ALL,50.3,Met,82.1,57,C
2025,600398,BL7,40.5,Met,79.1,48,D
2025,600398,EDS,41.4,Met,80.5,49,D
2025,600399,ALL,49.8,Met,84.4,57,C
2025,600399,BL7,29,NotMet,68.9,37,F
2025,600399,EDS,28,NotMet,69.8,36,F
2025,600404,ALL,96.7,,,98,A
2025,600405,ALL,44.4,NotMet,55.5,47,D
2025,600405,BL7,44,NotMet,55.4,46,D
2025,600405,EDS,44.8,NotMet,56.9,47,D
2025,600406,ALL,84.1,Exceeded,89.7,85,A
2025,600406,EDS,68.3,Met,83.5,71,B
2025,600408,ALL,47.8,Met,77.7,54,D
2025,600408,BL7,34.3,Met,71.4,42,D
2025,600408,EDS,44.1,Met,73.8,50,D
2025,600409,ALL,61.6,Exceeded,88.5,67,C
2025,600409,BL7,61,Exceeded,86.4,66,C
2025,600409,EDS,60,Exceeded,85.8,65,C
2025,600410,ALL,46.3,Exceeded,88.1,55,C
2025,600410,BL7,32.2,Exceeded,86.4,43,D
2025,600410,EDS,43.9,Exceeded,85.9,52,D
2025,600411,ALL,68.1,Exceeded,88.2,72,B
2025,600411,BL7,55.2,Exceeded,88.4,62,C
2025,600411,EDS,50.7,Met,84,57,C
2025,600412,ALL,31.5,NotMet,56.2,36,F
2025,600412,BL7,24.8,NotMet,66.4,33,F
2025,600412,EDS,28.4,NotMet,58.7,34,F
2025,600413,ALL,79.6,Exceeded,85.2,81,B
2025,600413,BL7,72.3,Met,80.9,74,B
2025,600413,EDS,63.5,Met,81.9,67,C
2025,600414,ALL,49,Exceeded,90.5,57,C
2025,600414,BL7,41.6,Exceeded,87.7,51,D
2025,600414,EDS,47,Exceeded,88.6,55,C
2025,600415,ALL,63.7,Met,81.5,67,C
2025,600415,BL7,56.2,Met,75.1,60,C
2025,600415,EDS,53,NotMet,68.3,56,C
2025,600416,ALL,36.1,Met,77.7,44,D
2025,600416,BL7,32.2,Met,76.1,41,D
2025,600416,EDS,31.2,Met,72.7,40,D
2025,600418,ALL,56.8,Exceeded,85.7,63,C
2025,600418,BL7,54.6,Met,82.3,60,C
2025,600418,EDS,50.5,Exceeded,85.7,58,C
2025,600420,ALL,77,Exceeded,91.2,80,B
2025,600420,BL7,59.6,Met,82.3,64,C
2025,600420,EDS,47.3,Met,83.1,54,D
2025,600422,ALL,40.7,NotMet,60.4,45,D
2025,600422,BL7,30.9,Met,77.1,40,D
2025,600422,EDS,33.4,NotMet,59.9,39,F
2025,600424,ALL,58.5,Exceeded,90.3,65,C
2025,600424,BL7,62.9,Exceeded,85.8,67,C
2025,600424,EDS,56.6,Exceeded,88,63,C
2025,600425,ALL,46.4,Met,75.5,52,D
2025,600425,BL7,42.9,Met,72.7,49,D
2025,600425,EDS,44,Met,76,50,D
2025,600426,ALL,60.6,Exceeded,96.6,68,C
2025,600426,BL7,59.3,Exceeded,91.4,66,C
2025,600426,EDS,54.7,Exceeded,94.1,63,C
2025,600428,ALL,33,Met,84.5,43,D
2025,600428,BL7,32.3,Exceeded,85.1,43,D
2025,600428,EDS,31.1,Met,83.6,42,D
2025,600429,ALL,45.5,Exceeded,89.4,54,D
2025,600429,BL7,43.5,Exceeded,85.3,52,D
2025,600429,EDS,41.2,Exceeded,85.4,50,D
2025,600431,ALL,86.8,Exceeded,97.5,89,A
2025,600431,BL7,74.2,Met,84.6,76,B
2025,600431,EDS,76.6,Exceeded,89.8,79,B
2025,600432,ALL,43.2,Exceeded,89.8,53,D
2025,600432,BL7,41.3,Exceeded,86.6,50,D
2025,600432,EDS,37.9,Met,84.6,47,D
2025,600433,ALL,79.5,Met,84.4,80,B
2025,600433,BL7,64.3,Met,74,66,C
2025,600433,EDS,68.3,Met,84.3,72,B
2025,600434,ALL,49.9,Exceeded,97.4,59,C
2025,600434,BL7,45.4,Exceeded,92,55,C
2025,600434,EDS,44.2,Exceeded,91.8,54,D
2025,600435,ALL,81.3,Met,74.4,80,B
2025,600436,ALL,57.6,Exceeded,90.4,64,C
2025,600436,BL7,55.5,Exceeded,85.1,61,C
2025,600436,EDS,52.2,Exceeded,86,59,C
2025,600437,ALL,84.3,Exceeded,100,87,A
2025,600437,BL7,71.8,Exceeded,88.6,75,B
2025,600437,EDS,68.6,Exceeded,91.3,73,B
2025,600438,ALL,68.2,Met,79.2,70,B
2025,600438,BL7,53.6,Met,79.7,59,C
2025,600438,EDS,50.4,Met,81,57,C
2025,600440,ALL,52.1,Exceeded,86.5,59,C
2025,600440,BL7,45.4,Met,79.9,52,D
2025,600440,EDS,50.3,Exceeded,86,57,C
2025,600442,ALL,61.8,Met,77.4,65,C
2025,600442,BL7,57.3,Met,74.8,61,C
2025,600442,EDS,53.6,NotMet,68.1,57,C
2025,600443,ALL,94.8,,,96,A
2025,600444,ALL,43.9,Exceeded,90.1,53,D
2025,600444,BL7,43,Exceeded,87.9,52,D
2025,600444,EDS,34.8,Met,84.9,45,D
2025,600445,ALL,63.6,Exceeded,93,69,C
2025,600445,BL7,61.4,Exceeded,89.4,67,C
2025,600445,EDS,56.4,Exceeded,86.8,62,C
2025,600446,ALL,62.6,Exceeded,88,68,C
2025,600446,BL7,56.5,Exceeded,87.8,63,C
2025,600446,EDS,53.5,Exceeded,89,61,C
2025,600447,ALL,74.1,Exceeded,91,77,B
2025,600447,BL7,57.1,Exceeded,85.1,63,C
2025,600447,EDS,55.9,Met,84.6,62,C
2025,600448,ALL,28.2,Exceeded,89.8,41,D
2025,600448,BL7,25.2,Met,81.5,36,F
2025,600448,EDS,30.7,Exceeded,86.3,42,D
2025,600449,ALL,75.3,Met,79.8,76,B
2025,600449,BL7,64.1,Met,79.4,67,C
2025,600449,EDS,64.2,Met,82,68,C
2025,600450,ALL,52.1,Exceeded,98.3,61,C
2025,600450,BL7,52.4,Exceeded,93,61,C
2025,600450,EDS,45.9,Exceeded,91.6,55,C
2025,600451,ALL,89.9,Exceeded,85.3,89,A
2025,600451,EDS,82.7,Met,80.8,82,B
2025,600453,ALL,38.6,Met,80.5,47,D
2025,600453,BL7,38.4,Met,79.9,47,D
2025,600453,EDS,41,Met,81.3,49,D
2025,600455,ALL,61.8,Exceeded,87,67,C
2025,600455,BL7,56.2,Met,83.4,62,C
2025,600455,EDS,50.8,Exceeded,88.2,58,C
2025,600457,ALL,49.9,NotMet,58.3,52,D
2025,600457,BL7,51.9,NotMet,64.6,54,D
2025,600457,EDS,44.6,NotMet,59.3,48,D
2025,600459,ALL,48.7,Exceeded,91.3,57,C
2025,600459,EDS,51.2,Exceeded,86,58,C
2025,600462,ALL,41.7,Exceeded,88.2,51,D
2025,600462,BL7,39.9,Exceeded,85.1,49,D
2025,600462,EDS,38.2,Exceeded,87.6,48,D
2025,600463,ALL,35.2,NotMet,65.7,41,D
2025,600463,BL7,34.9,NotMet,66.1,41,D
2025,600463,EDS,27.7,NotMet,63.3,35,F
2025,600464,ALL,81.2,Exceeded,85.2,82,B
2025,600464,BL7,66.1,Met,81.3,69,C
2025,600464,EDS,63,Met,81,67,C
2025,600466,ALL,73.9,Exceeded,93.2,78,B
2025,600466,BL7,49.3,Met,78,55,C
2025,600466,EDS,48.2,Met,80.7,55,C
2025,600468,ALL,44.6,Exceeded,86.2,53,D
2025,600468,BL7,41.2,Met,81.7,49,D
2025,600468,EDS,36.1,Met,83.8,46,D
2025,600471,ALL,32.9,NotMet,67.6,40,D
2025,600471,BL7,29,Met,79.6,39,F
2025,600471,EDS,28.7,NotMet,68.8,37,F
2025,600474,ALL,35.4,Met,81.1,45,D
2025,600474,BL7,32,Met,82.4,42,D
2025,600474,EDS,35.8,Met,82.2,45,D
2025,600475,ALL,67.3,Met,72,68,C
2025,600475,BL7,65.5,Met,72.4,67,C
2025,600475,EDS,61.7,Met,72.3,64,C
2025,600478,ALL,46.4,Met,82,54,D
2025,600478,BL7,41.8,Met,78.1,49,D
2025,600478,EDS,47.7,Met,81,54,D
2025,600479,ALL,40.8,Met,77.3,48,D
2025,600479,BL7,41.7,Met,74.1,48,D
2025,600479,EDS,35.9,Met,76.3,44,D
2025,600480,ALL,61.3,Exceeded,89.3,67,C
2025,600480,BL7,61.5,Met,84.9,66,C
2025,600480,EDS,55.4,Exceeded,86.3,62,C
2025,600481,ALL,45.4,Exceeded,91.6,55,C
2025,600481,BL7,44.7,Exceeded,88.6,53,D
2025,600481,EDS,42,Exceeded,90.3,52,D
2025,600482,ALL,77.6,Exceeded,95.2,81,B
2025,600482,BL7,66.7,Exceeded,89.7,71,B
2025,600482,EDS,65.7,Exceeded,86.3,70,B
2025,600483,ALL,32.3,NotMet,62.1,38,F
2025,600483,BL7,27.4,NotMet,68.7,36,F
2025,600483,EDS,28.6,NotMet,62.8,35,F
2025,600484,ALL,53.6,Met,83.8,60,C
2025,600484,BL7,52.1,Met,82.8,58,C
2025,600484,EDS,51.9,Met,84.4,58,C
2025,600485,ALL,43.9,NotMet,69.9,49,D
2025,600485,BL7,33,NotMet,68.4,40,D
2025,600485,EDS,42.5,NotMet,67.6,48,D
2025,600488,ALL,64.5,Exceeded,87.6,69,C
2025,600488,BL7,77.5,Met,84.7,79,B
2025,600488,EDS,60.3,Met,82.1,65,C
2025,600489,ALL,29.6,Met,80.9,40,D
2025,600489,BL7,29.5,Met,81,40,D
2025,600489,EDS,28.1,Met,80.5,39,F
2025,600490,ALL,55.2,Exceeded,96,63,C
2025,600490,BL7,57.6,Exceeded,92.6,65,C
2025,600490,EDS,51.2,Exceeded,93.6,60,C
2025,600491,ALL,84.1,Exceeded,92.2,86,A
2025,600491,EDS,53.9,Exceeded,85.6,60,C
2025,600492,ALL,80.7,Met,84.1,81,B
2025,600492,BL7,67.6,Met,82.2,71,B
2025,600492,EDS,53.2,Met,79.6,58,C
2025,600493,ALL,73,Exceeded,89.7,76,B
2025,600493,BL7,62.4,Met,83.4,67,C
2025,600493,EDS,61,Exceeded,87.4,66,C
2025,600494,ALL,72.5,Exceeded,95.9,77,B
2025,600494,BL7,74.4,Exceeded,92.7,78,B
2025,600494,EDS,71.6,Exceeded,95.5,76,B
2025,600496,ALL,69.3,Exceeded,89.4,73,B
2025,600496,BL7,69.9,Exceeded,88.1,74,B
2025,600496,EDS,63.3,Met,84.1,67,C
2025,600497,ALL,74.2,Exceeded,94.3,78,B
2025,600497,BL7,67.2,Exceeded,89.5,72,B
2025,600497,EDS,62.6,Exceeded,87.8,68,C
2025,600498,ALL,84.2,Exceeded,93.6,86,A
2025,600498,BL7,83,Exceeded,88.6,84,B
2025,600498,EDS,80.3,Exceeded,89.2,82,B
2025,600499,ALL,66.8,Exceeded,92.7,72,B
2025,600499,BL7,58.6,Exceeded,89.6,65,C
2025,600499,EDS,58.3,Exceeded,91.4,65,C
2025,600500,ALL,64.5,Exceeded,90.1,70,B
2025,600500,BL7,54.5,Met,80,60,C
2025,600500,EDS,55.9,Exceeded,85.5,62,C
2025,600501,ALL,43.3,Exceeded,89,52,D
2025,600501,BL7,32.1,Met,83.9,42,D
2025,600501,EDS,44.7,Exceeded,87.1,53,D
2025,600503,ALL,52.1,Met,84.7,59,C
2025,600503,BL7,47.5,Met,76.6,53,D
2025,600503,EDS,49.6,Met,82.2,56,C
2025,600507,ALL,92.1,Exceeded,88.3,91,A
2025,600508,ALL,90.4,Exceeded,100,92,A
2025,600508,BL7,81.8,Exceeded,89.7,83,B
2025,600508,EDS,77.9,Exceeded,91.1,81,B
2025,600509,ALL,42.2,Met,72.4,48,D
2025,600509,BL7,34.8,Met,73.7,43,D
2025,600509,EDS,35.3,NotMet,68.3,42,D
2025,600512,ALL,57.9,Exceeded,92.3,65,C
2025,600512,BL7,49.2,Exceeded,88.2,57,C
2025,600512,EDS,47.5,Exceeded,89,56,C
2025,600513,ALL,65.9,NotMet,51.1,63,C
2025,600513,BL7,56.1,NotMet,54.3,56,C
2025,600513,EDS,49.3,NotMet,50.3,50,D
2025,600514,ALL,23.7,NotMet,62.6,31,F
2025,600514,BL7,24.1,NotMet,63.9,32,F
2025,600514,EDS,24.5,NotMet,65.6,33,F
2025,600515,ALL,50.7,Exceeded,92.9,59,C
2025,600515,BL7,45,Exceeded,91.5,54,D
2025,600515,EDS,48.5,Exceeded,92,57,C
2025,600516,ALL,53.4,Exceeded,86.3,60,C
2025,600516,BL7,54.5,Met,83.3,60,C
2025,600516,EDS,47.4,Met,83,55,C
2025,600517,ALL,34.6,Exceeded,85.5,45,D
2025,600517,BL7,35,Met,84.3,45,D
2025,600517,EDS,31.9,Met,84.6,42,D
2025,600518,ALL,36.4,NotMet,66.2,42,D
2025,600518,BL7,33.4,NotMet,63.1,39,F
2025,600518,EDS,32.2,NotMet,64.5,39,F
2025,600519,ALL,,,,90,A
2025,600519,BL7,,,,56,C
2025,600519,EDS,,,,61,C
2025,600520,ALL,60.3,Exceeded,89.5,66,C
2025,600520,BL7,30.3,Exceeded,87.2,42,D
2025,600520,EDS,32.8,Exceeded,86.2,43,D
2025,600521,ALL,37.9,Met,81.1,47,D
2025,600521,BL7,38.1,Met,80.8,47,D
2025,600521,EDS,34.5,Met,76.5,43,D
2025,600522,ALL,88.3,Exceeded,87.4,88,A
2025,600522,EDS,43.8,NotMet,69.6,49,D
2025,600527,ALL,68.1,Exceeded,91.5,73,B
2025,600527,BL7,30.8,Met,74.6,40,D
2025,600527,EDS,36.5,Met,82.4,46,D
2025,600530,ALL,84.6,Met,80,84,B
2025,600530,BL7,34.3,Met,72.2,42,D
2025,600530,EDS,36,Met,74.4,44,D
2025,600532,ALL,73.1,Exceeded,89.9,76,B
2025,600532,BL7,69.6,Met,83.6,72,B
2025,600532,EDS,59,Met,83.7,64,C
2025,600534,ALL,66.5,Exceeded,89.6,71,B
2025,600534,BL7,43.3,Met,72.5,49,D
2025,600534,EDS,49.6,Exceeded,86,57,C
2025,600535,ALL,65.9,Met,84.6,70,B
2025,600535,BL7,56.4,Met,76.2,60,C
2025,600535,EDS,55.9,Met,78.2,60,C
2025,600536,ALL,66.4,Met,79.2,69,C
2025,600536,BL7,49.4,Met,80.2,56,C
2025,600536,EDS,45.1,Met,77.1,52,D
2025,600537,ALL,77,Exceeded,86.2,79,B
2025,600537,BL7,52.1,Met,70.4,56,C
2025,600537,EDS,53.9,Met,83.8,60,C
2025,600538,ALL,39.3,Met,82.5,48,D
2025,600538,BL7,37.1,Met,76.9,45,D
2025,600538,EDS,32.7,Met,80.4,42,D
2025,600545,ALL,34,Exceeded,85.1,44,D
2025,600545,BL7,19.2,Met,82.3,32,F
2025,600545,EDS,34.1,Met,83,44,D
2025,600546,ALL,49.4,Exceeded,93.4,58,C
2025,600546,BL7,46.9,Exceeded,91.5,56,C
2025,600546,EDS,46.2,Exceeded,91.8,55,C
2025,600549,ALL,60.1,Exceeded,89.1,66,C
2025,600549,BL7,42.5,Met,83.7,51,D
2025,600549,EDS,55.6,Met,84.8,61,C
2025,600550,ALL,40.9,Exceeded,91,51,D
2025,600550,BL7,38.2,Met,79.7,47,D
2025,600550,EDS,39.7,Met,83.8,49,D
2025,600553,ALL,33.8,Exceeded,91.2,45,D
2025,600553,BL7,30.2,Exceeded,88.1,42,D
2025,600553,EDS,33.6,Exceeded,90.6,45,D
2025,600557,ALL,71,Met,81.7,73,B
2025,600557,BL7,66,Met,78.9,69,C
2025,600557,EDS,57.7,Met,81,62,C
2025,600558,ALL,88.3,Exceeded,85.1,88,A
2025,600558,EDS,64.6,Met,76.8,67,C
2025,600562,ALL,63.1,Exceeded,100,70,B
2025,600562,BL7,59.2,Exceeded,94.6,66,C
2025,600562,EDS,59.1,Exceeded,95.8,66,C
2025,600565,ALL,56.3,Exceeded,88.8,63,C
2025,600565,BL7,56.5,Exceeded,87,63,C
2025,600565,EDS,51.9,Exceeded,85.9,59,C
2025,600566,ALL,45.3,Met,84.1,53,D
2025,600566,BL7,40.2,Exceeded,85,49,D
2025,600566,EDS,36,Met,80.7,45,D
2025,600567,ALL,91.9,Met,84.2,90,A
2025,600567,BL7,87.8,Met,80.9,86,A
2025,600567,EDS,83.8,Met,83,84,B
2025,600569,ALL,75,Met,84.6,77,B
2025,600569,BL7,71.4,,,71,B
2025,600569,EDS,64.7,Met,80.5,68,C
2025,600571,ALL,77.8,Met,80.3,78,B
2025,600571,BL7,68.4,Met,80.4,71,B
2025,600571,EDS,60.2,Met,78.9,64,C
2025,600574,ALL,37,Exceeded,89.5,48,D
2025,600574,BL7,34.4,Exceeded,86.5,45,D
2025,600574,EDS,35,Exceeded,89,46,D
2025,600576,ALL,49.2,Exceeded,98.1,59,C
2025,600576,BL7,49.8,Exceeded,94.6,59,C
2025,600576,EDS,46.7,Exceeded,95.3,56,C
2025,600577,ALL,50.8,Exceeded,90.7,59,C
2025,600577,BL7,52.5,Exceeded,87.2,59,C
2025,600577,EDS,52,Exceeded,90.4,60,C
2025,600579,ALL,46.9,NotMet,64.7,50,D
2025,600579,BL7,46.5,NotMet,68.6,51,D
2025,600579,EDS,45.5,NotMet,66.7,50,D
2025,600582,ALL,85.7,Met,82.7,85,A
2025,600582,BL7,67.6,Met,77.6,70,B
2025,600582,EDS,68.6,Met,76.6,70,B
2025,600583,ALL,36.6,Exceeded,95.5,48,D
2025,600583,BL7,36.1,Exceeded,92.7,47,D
2025,600583,EDS,35,Exceeded,93.1,47,D
2025,600586,ALL,50.7,Exceeded,87,58,C
2025,600586,BL7,47.5,Met,82.2,54,D
2025,600586,EDS,49.6,Exceeded,85.9,57,C
2025,600587,ALL,57.7,Exceeded,88.6,64,C
2025,600587,EDS,59.2,Met,83.9,64,C
2025,600588,ALL,69.1,Exceeded,92.5,74,B
2025,600588,BL7,62.7,Exceeded,85.2,67,C
2025,600588,EDS,57.6,Exceeded,90,64,C
2025,600589,ALL,36,Exceeded,89.1,47,D
2025,600589,EDS,35.7,Exceeded,86.6,46,D
2025,600590,ALL,63,Exceeded,85.4,67,C
2025,600590,BL7,59.8,Met,83,64,C
2025,600590,EDS,53.5,Exceeded,85.4,60,C
2025,600592,ALL,47.8,Met,82.8,55,C
2025,600592,BL7,49.7,Met,84.4,57,C
2025,600592,EDS,48.3,Met,80.8,55,C
2025,600593,ALL,53.8,Met,73.4,58,C
2025,600593,BL7,44.3,Met,74.4,50,D
2025,600593,EDS,39,Met,74.5,46,D
2025,600594,ALL,90.8,,,93,A
2025,600594,BL7,87,,,90,A
2025,600595,ALL,57,Exceeded,87.9,63,C
2025,600595,BL7,48,Met,79.1,54,D
2025,600595,EDS,49.5,Met,83.5,56,C
2025,600596,ALL,44.2,Met,79.9,51,D
2025,600596,BL7,46.3,Met,80.7,53,D
2025,600596,EDS,42.7,Met,82.7,51,D
2025,600597,ALL,11.6,Met,80,25,F
2025,600597,EDS,18.6,Met,80.4,31,F
2025,60B000,ALL,50.5,Exceeded,98.2,60,C
2025,60B000,BL7,51.3,Exceeded,94,60,C
2025,60B000,EDS,47.7,Exceeded,93.3,57,C
2025,60D000,ALL,88.2,Exceeded,88.5,88,A
2025,60D000,BL7,69.9,Met,82.5,72,B
2025,60D000,EDS,72.9,Met,82.5,75,B
2025,60F000,ALL,97.6,Met,77.9,94,A
2025,60G000,ALL,62.7,Met,80.2,66,C
2025,60G000,BL7,58.4,Met,81.3,63,C
2025,60G000,EDS,56.5,Met,80.2,61,C
2025,60I000,ALL,78.1,Met,73.8,77,B
2025,60I000,BL7,54.7,,,55,C
2025,60I000,EDS,59.3,Met,75.3,63,C
2025,60J000,ALL,83.6,Exceeded,89.8,85,A
2025,60J000,BL7,79.6,Met,77.2,79,B
2025,60J000,EDS,68.3,Met,82.2,71,B
2025,60K000,ALL,32.8,Met,74.5,41,D
2025,60K000,BL7,17.5,,,18,F
2025,60K000,EDS,17.9,Met,73.2,29,F
2025,60L000,ALL,37.9,Met,74.7,45,D
2025,60L000,BL7,35.3,Met,72.6,43,D
2025,60L000,EDS,33.9,Met,72,42,D
2025,60M000,ALL,74.4,Exceeded,92.1,78,B
2025,60M000,BL7,63,Met,81.1,67,C
2025,60M000,EDS,56.3,Met,80,61,C
2025,60N000,ALL,32.8,Met,71.6,41,D
2025,60N000,BL7,28.4,NotMet,67.4,36,F
2025,60N000,EDS,32.1,Met,74.7,41,D
2025,60S000,ALL,67.2,NotMet,64.3,67,C
2025,60S000,BL7,52.1,NotMet,67.5,55,C
2025,60S000,EDS,51.3,Met,76.4,56,C
2025,60Y000,ALL,56.8,NotMet,69.5,59,C
2025,60Y000,BL7,34.6,,,35,F
2025,60Y000,EDS,43.4,Met,76.9,50,D
2025,60Z000,ALL,32.3,Met,83.1,42,D
2025,60Z000,BL7,29.5,Met,82.6,40,D
2025,60Z000,EDS,30.4,Met,83.2,41,D
2025,610320,ALL,,,,50,D
2025,610320,EDS,,,,42,D
2025,610322,ALL,,,,50,D
2025,610322,EDS,,,,42,D
2025,610332,ALL,86.4,Met,79.3,85,A
2025,610333,ALL,46.9,NotMet,64.5,50,D
2025,610333,EDS,37.7,NotMet,61.2,42,D
2025,610334,ALL,59.9,NotMet,56.6,59,C
2025,610334,EDS,52.6,NotMet,64.1,55,C
2025,610335,ALL,42.2,NotMet,53.9,45,D
2025,610335,EDS,37,NotMet,56.3,41,D
2025,61J000,ALL,47.9,Exceeded,88.8,56,C
2025,61J000,BL7,39.7,,,40,D
2025,61J000,EDS,41.3,,,41,D
2025,61K000,ALL,43.3,Met,81.4,51,D
2025,61K000,BL7,32.3,Met,80.5,42,D
2025,61K000,EDS,33.1,Met,78.4,42,D
2025,61M000,ALL,41.9,NotMet,59.8,45,D
2025,61M000,BL7,25.3,NotMet,59.4,32,F
2025,61M000,EDS,22.7,NotMet,58.9,30,F
2025,61N000,ALL,48.3,Met,77.8,54,D
2025,61N000,BL7,43.4,NotMet,68.7,48,D
2025,61N000,EDS,38.8,Met,79.2,47,D
2025,61Q000,ALL,50.4,Met,80.1,56,C
2025,61Q000,BL7,47.8,Met,79.3,54,D
2025,61Q000,EDS,40.9,Met,74,48,D
2025,61R000,ALL,58.8,NotMet,59.9,59,C
2025,61R000,BL7,50,NotMet,66.9,53,D
2025,61R000,EDS,51.6,NotMet,59.2,53,D
2025,61S000,ALL,59.2,Met,70.5,61,C
2025,61S000,BL7,51.8,NotMet,65.5,55,C
2025,61S000,EDS,51.3,NotMet,68.9,55,C
2025,61T000,ALL,40,NotMet,64.8,45,D
2025,61T000,BL7,38.4,NotMet,65.6,44,D
2025,61T000,EDS,36.3,NotMet,64.4,42,D
2025,61V000,ALL,61,Exceeded,85.3,66,C
2025,61V000,BL7,52.3,Met,82.2,58,C
2025,61V000,EDS,56.4,Met,84.3,62,C
2025,61W000,ALL,50,Met,82.4,56,C
2025,61W000,BL7,35.6,,,36,F
2025,61W000,EDS,34.6,Met,78.8,43,D
2025,61X000,ALL,64.7,NotMet,60.5,64,C
2025,61X000,BL7,55.4,NotMet,69.3,58,C
2025,61X000,EDS,48.7,NotMet,64.3,52,D
2025,61Y000,ALL,36.7,Met,84.9,46,D
2025,61Y000,BL7,32.2,Met,81,42,D
2025,61Y000,EDS,32.6,Met,81.8,42,D
2025,620312,ALL,35.3,Met,79.2,44,D
2025,620312,BL7,27.4,Met,79.9,38,F
2025,620312,EDS,35,Met,80.5,44,D
2025,620314,ALL,39.5,Met,77.1,47,D
2025,620314,BL7,21.6,Met,71.2,32,F
2025,620314,EDS,35.1,Met,78.7,44,D
2025,620318,ALL,35,Met,75.1,43,D
2025,620318,EDS,27.4,Met,72,36,F
2025,620324,ALL,27.7,Met,77,38,F
2025,620324,BL7,23.3,Met,79.8,35,F
2025,620324,EDS,21.7,Met,72.3,32,F
2025,620330,ALL,47.3,Met,74.3,53,D
2025,620330,BL7,38.5,Met,79.2,47,D
2025,620330,EDS,40.9,Met,76.3,48,D
2025,620334,ALL,62.4,Exceeded,86,67,C
2025,620334,EDS,60,Exceeded,85.7,65,C
2025,620336,ALL,,,,53,D
2025,620336,BL7,,,,47,D
2025,620336,EDS,,,,48,D
2025,620339,ALL,46.7,NotMet,67.8,51,D
2025,620339,BL7,28.7,Met,72.5,37,F
2025,620339,EDS,36,NotMet,67.4,42,D
2025,620350,ALL,93.3,Exceeded,100,95,A
2025,620350,EDS,90.4,Exceeded,94.1,91,A
2025,620356,ALL,54.4,NotMet,58.1,55,C
2025,620356,BL7,40.9,NotMet,62.2,45,D
2025,620356,EDS,49.5,NotMet,61.3,52,D
2025,62A000,ALL,35.9,NotMet,64.4,42,D
2025,62A000,EDS,28.5,NotMet,64.8,36,F
2025,62J000,ALL,57.7,Exceeded,87.8,64,C
2025,62J000,BL7,53,Met,83.8,59,C
2025,62J000,EDS,49.8,Exceeded,86.6,57,C
2025,62K000,ALL,51.2,Met,83.4,58,C
2025,62K000,BL7,41.8,Met,77.8,49,D
2025,62K000,EDS,47.7,Met,80.7,54,D
2025,62L000,ALL,94,NotMet,69.6,89,A
2025,62L000,EDS,77.2,Met,76.8,77,B
2025,62M000,ALL,49.8,NotMet,58,51,D
2025,62M000,BL7,39.2,NotMet,61.3,44,D
2025,62M000,EDS,39.7,NotMet,61.1,44,D
2025,62N000,ALL,20.8,NotMet,56.4,28,F
2025,62N000,BL7,15,NotMet,62.6,25,F
2025,62N000,EDS,18.5,NotMet,58.1,26,F
2025,62P000,ALL,44.2,Met,73.4,50,D
2025,630308,ALL,45,Met,75.2,51,D
2025,630308,BL7,30,NotMet,63.3,37,F
2025,630308,EDS,36.6,Met,72.6,44,D
2025,630312,ALL,58.2,NotMet,64.5,59,C
2025,630312,EDS,42.2,NotMet,61.3,46,D
2025,630316,ALL,62.5,Exceeded,92.5,69,C
2025,630316,EDS,50,Exceeded,87,57,C
2025,630317,ALL,52,NotMet,57.1,53,D
2025,630317,BL7,23.3,NotMet,61.1,31,F
2025,630317,EDS,33.8,NotMet,57.8,39,F
2025,630320,ALL,44.4,Met,84.5,52,D
2025,630320,EDS,40.7,Met,83.1,49,D
2025,630324,ALL,74.9,Met,77.6,75,B
2025,630324,EDS,53.1,Met,80.2,59,C
2025,630328,ALL,66.2,Met,83.1,70,B
2025,630328,EDS,52.3,Met,77.6,57,C
2025,630329,ALL,81.2,NotMet,59.1,77,B
2025,630329,EDS,62.1,NotMet,65,63,C
2025,630331,ALL,72.3,Exceeded,93.5,77,B
2025,630331,BL7,62.1,,,62,C
2025,630331,EDS,52.3,Exceeded,86.4,59,C
2025,630332,ALL,60.4,NotMet,58.5,60,C
2025,630332,EDS,52.1,NotMet,59.9,54,D
2025,630336,ALL,73.3,Met,80.6,75,B
2025,630336,BL7,51.8,Met,77.7,57,C
2025,630336,EDS,55.6,Met,72.8,59,C
2025,630342,ALL,87.8,Exceeded,94,89,A
2025,630342,EDS,69.8,Exceeded,85.6,73,B
2025,630348,ALL,51.6,Met,81.3,58,C
2025,630348,EDS,46.1,Met,77.7,52,D
2025,630350,ALL,57,NotMet,69.1,59,C
2025,630350,BL7,28.6,Met,81.7,39,F
2025,630350,EDS,36.7,Met,82.8,46,D
2025,630356,ALL,60.6,Met,82.9,65,C
2025,630356,BL7,33.8,Met,80.1,43,D
2025,630356,EDS,36.8,Met,77.5,45,D
2025,630360,ALL,74.5,Met,75,75,B
2025,630360,BL7,57.5,Met,74.1,61,C
2025,630360,EDS,57.6,NotMet,66,59,C
2025,630364,ALL,68.2,NotMet,68.5,68,C
2025,630364,EDS,50,Met,76.5,55,C
2025,630368,ALL,80.7,NotMet,69.4,78,B
2025,630368,EDS,62.3,NotMet,66.5,63,C
2025,630373,ALL,70.7,Met,80.7,73,B
2025,630373,EDS,57.1,Met,80.9,62,C
2025,630374,ALL,75.1,Met,83.8,77,B
2025,630374,BL7,37.8,Met,71.7,45,D
2025,630374,EDS,58.8,Met,79.3,63,C
2025,630376,ALL,62.4,Met,82.5,66,C
2025,630376,EDS,51.1,Met,83.6,58,C
2025,630399,ALL,64.2,Met,73,66,C
2025,630399,EDS,56.8,,,57,C
2025,63A000,ALL,78.7,Met,83.3,80,B
2025,63A000,EDS,70.5,Met,77.7,72,B
2025,63B000,ALL,83.1,Exceeded,89.1,84,B
2025,63B000,BL7,67.1,,,67,C
2025,63B000,EDS,64.2,Exceeded,85.3,68,C
2025,63C000,ALL,60.3,Met,77.1,64,C
2025,63C000,EDS,35.2,Met,74.4,43,D
2025,640304,ALL,60.4,NotMet,58.1,60,C
2025,640304,BL7,51,NotMet,67.9,54,D
2025,640304,EDS,52.5,NotMet,60.7,54,D
2025,640308,ALL,49.3,Met,84.2,56,C
2025,640308,BL7,46.6,Met,83.8,54,D
2025,640308,EDS,47.9,Met,83.5,55,C
2025,640320,ALL,52.3,Exceeded,88.4,60,C
2025,640320,BL7,40.9,Exceeded,86.1,50,D
2025,640320,EDS,43.4,Met,83.9,52,D
2025,640324,ALL,68.2,Exceeded,91.9,73,B
2025,640324,BL7,46.7,Exceeded,85.6,54,D
2025,640324,EDS,57,Exceeded,87.9,63,C
2025,640328,ALL,52.3,Exceeded,91.3,60,C
2025,640328,BL7,46.2,Exceeded,88.7,55,C
2025,640328,EDS,46.6,Exceeded,88.7,55,C
2025,640329,ALL,29.9,Met,76.5,39,F
2025,640329,BL7,28.4,Met,73.9,38,F
2025,640329,EDS,29.3,Met,73.6,38,F
2025,640332,ALL,52.4,Met,84,59,C
2025,640332,BL7,53.3,Met,82.7,59,C
2025,640332,EDS,48.5,Met,83.1,55,C
2025,640335,ALL,31,Exceeded,88.7,43,D
2025,640335,BL7,25.4,Exceeded,86.6,38,F
2025,640335,EDS,25.4,Met,84.6,37,F
2025,640336,ALL,52.6,Met,74.5,57,C
2025,640336,EDS,43.2,Met,77.1,50,D
2025,640341,ALL,43,Met,78.8,50,D
2025,640341,BL7,38.6,,,39,F
2025,640341,EDS,40.3,Met,81,48,D
2025,640342,ALL,83.6,Exceeded,87.7,84,B
2025,640342,BL7,93,,,93,A
2025,640342,EDS,93.3,,,93,A
2025,640346,ALL,66.6,Exceeded,98,73,B
2025,640346,BL7,57.3,Exceeded,95.9,65,C
2025,640346,EDS,59.4,Exceeded,95.5,67,C
2025,640347,ALL,89.1,Exceeded,94.1,90,A
2025,640347,BL7,86.9,Exceeded,88.1,87,A
2025,640347,EDS,87.4,Exceeded,91,88,A
2025,640348,ALL,62.8,Exceeded,92.7,69,C
2025,640348,BL7,49.9,Exceeded,90.2,58,C
2025,640348,EDS,53.2,Exceeded,89.9,61,C
2025,640350,ALL,62.3,Exceeded,87.4,67,C
2025,640350,BL7,54.5,Exceeded,85.2,61,C
2025,640350,EDS,54,Exceeded,87.7,61,C
2025,640358,ALL,41.2,NotMet,56.7,44,D
2025,640358,BL7,32,NotMet,57.9,37,F
2025,640358,EDS,33,NotMet,58.3,38,F
2025,640360,ALL,58.6,Met,78.3,63,C
2025,640360,BL7,48.3,Met,72.8,53,D
2025,640360,EDS,52.3,Met,74.6,57,C
2025,640361,ALL,47.1,Exceeded,89.1,56,C
2025,640361,BL7,42.5,Exceeded,88.9,52,D
2025,640361,EDS,42.4,Exceeded,86.3,51,D
2025,640362,ALL,49.4,Exceeded,88.1,57,C
2025,640362,BL7,38,Exceeded,85.5,48,D
2025,640362,EDS,42.4,Exceeded,90.1,52,D
2025,640364,ALL,61.8,Exceeded,91.5,68,C
2025,640364,BL7,53.5,Exceeded,85.4,60,C
2025,640364,EDS,58.6,Exceeded,88.6,65,C
2025,640376,ALL,50.4,NotMet,67.7,54,D
2025,640376,BL7,32.5,Met,72.2,40,D
2025,640376,EDS,43.7,NotMet,69.1,49,D
2025,640400,ALL,46.7,NotMet,66.9,51,D
2025,640400,BL7,41.7,Met,70.2,47,D
2025,640400,EDS,35.3,NotMet,59.1,40,D
2025,64A000,ALL,35.5,Exceeded,86.5,46,D
2025,64A000,BL7,34.1,Exceeded,86.6,45,D
2025,64A000,EDS,32.2,Exceeded,85.4,43,D
2025,650304,ALL,59.9,Met,82.2,64,C
2025,650304,EDS,46.4,Met,79.7,53,D
2025,650308,ALL,80.5,Exceeded,86.5,82,B
2025,650308,EDS,72.5,Met,83.4,75,B
2025,650309,ALL,65,Met,79,68,C
2025,650309,BL7,35,Met,71,42,D
2025,650309,EDS,56.7,Met,75.9,61,C
2025,650310,ALL,77,Exceeded,87.6,79,B
2025,650310,BL7,41.2,Met,75.3,48,D
2025,650310,EDS,62.4,Met,80.8,66,C
2025,650312,ALL,16.2,NotMet,57.4,24,F
2025,650312,BL7,10.1,NotMet,57.3,20,F
2025,650312,EDS,16.3,NotMet,57.8,25,F
2025,650316,ALL,39.6,NotMet,66.1,45,D
2025,650316,BL7,30.8,NotMet,69.9,39,F
2025,650316,EDS,35.4,NotMet,66,42,D
2025,650323,ALL,73.4,Exceeded,91.1,77,B
2025,650323,EDS,64.9,Met,84.4,69,C
2025,650324,ALL,34.6,Met,73,42,D
2025,650324,BL7,16.3,NotMet,66.1,26,F
2025,650324,EDS,22,NotMet,69.8,32,F
2025,650325,ALL,59.8,NotMet,67.8,61,C
2025,650325,BL7,34.2,Met,74.3,42,D
2025,650325,EDS,50.3,NotMet,68,54,D
2025,650326,ALL,65.6,NotMet,50,62,C
2025,650326,BL7,44.1,NotMet,59.6,47,D
2025,650326,EDS,51.3,NotMet,55.9,52,D
2025,650327,ALL,68.9,NotMet,53.7,66,C
2025,650327,BL7,65.3,Met,73.1,67,C
2025,650327,EDS,55.8,NotMet,55.5,56,C
2025,650328,ALL,43.4,Met,83,51,D
2025,650328,BL7,36.2,Met,83.7,46,D
2025,650328,EDS,41.2,Met,82.5,49,D
2025,650330,ALL,74.8,Met,77.9,75,B
2025,650330,EDS,49.3,NotMet,68.7,53,D
2025,650332,ALL,59.6,Exceeded,87.2,65,C
2025,650332,BL7,21.9,Met,83.2,34,F
2025,650332,EDS,32.9,Met,84.7,43,D
2025,650338,ALL,79,Exceeded,91,81,B
2025,650338,EDS,70.8,Exceeded,85.9,74,B
2025,650339,ALL,73.5,Met,84.7,76,B
2025,650339,EDS,51,Met,81,57,C
2025,650340,ALL,96.8,NotMet,60.8,90,A
2025,650341,ALL,48.7,NotMet,59.5,51,D
2025,650341,EDS,38.2,NotMet,65.5,44,D
2025,650342,ALL,74.2,Met,80.6,75,B
2025,650342,BL7,41.4,NotMet,65.7,46,D
2025,650342,EDS,54.9,NotMet,68.4,58,C
2025,650343,ALL,56.5,Met,78.3,61,C
2025,650343,BL7,31.7,Met,71,40,D
2025,650343,EDS,40.5,Met,73.1,47,D
2025,650346,ALL,57.9,Met,80.3,62,C
2025,650346,EDS,52.6,Met,80.1,58,C
2025,650348,ALL,64.9,Met,72.3,66,C
2025,650348,BL7,50,Met,71,54,D
2025,650348,EDS,57.8,NotMet,67.3,60,C
2025,650350,ALL,65.6,NotMet,54,63,C
2025,650350,BL7,26.4,NotMet,65.4,34,F
2025,650350,EDS,45.7,NotMet,60.5,49,D
2025,650351,ALL,63.5,Met,73.5,66,C
2025,650351,BL7,31.6,Met,70.8,39,F
2025,650351,EDS,49.3,Met,71.4,54,D
2025,650352,ALL,56.4,NotMet,52.6,56,C
2025,650352,BL7,42,NotMet,57.6,45,D
2025,650352,EDS,44.1,NotMet,53.6,46,D
2025,650353,ALL,80.7,Met,84.9,82,B
2025,650353,EDS,72,Met,79.1,73,B
2025,650355,ALL,40.4,Met,81.7,49,D
2025,650355,EDS,50,Met,83.2,57,C
2025,650356,ALL,87.8,Exceeded,90.4,88,A
2025,650356,EDS,72.7,Met,81.7,75,B
2025,650362,ALL,65.7,Met,78.2,68,C
2025,650362,EDS,50,Met,82.5,57,C
2025,650364,ALL,69.5,Met,73.1,70,B
2025,650364,BL7,34.3,NotMet,64.5,40,D
2025,650364,EDS,46.6,Met,73.9,52,D
2025,650366,ALL,73.3,Exceeded,86.8,76,B
2025,650366,EDS,52.6,Met,75.1,57,C
2025,650368,ALL,44.4,Met,79.4,51,D
2025,650368,BL7,25.6,Met,78.7,36,F
2025,650368,EDS,45.8,Met,83.1,53,D
2025,650380,ALL,88.6,Exceeded,94.7,90,A
2025,650380,EDS,69.8,Met,84.6,73,B
2025,650384,ALL,37,Met,74.4,44,D
2025,650384,BL7,28.1,NotMet,68.9,36,F
2025,650384,EDS,37.4,Met,75.9,45,D
2025,650392,ALL,29.9,NotMet,51.3,34,F
2025,650392,BL7,26.3,NotMet,58.3,33,F
2025,650392,EDS,28.8,NotMet,54.9,34,F
2025,650394,ALL,85.4,Met,75.2,83,B
2025,650394,BL7,75.9,Met,81.2,77,B
2025,650394,EDS,72.9,Met,80.7,74,B
2025,650395,ALL,84.8,Exceeded,90.2,86,A
2025,650400,ALL,61.5,Exceeded,90.8,67,C
2025,650400,EDS,47.3,Exceeded,88.3,56,C
2025,650404,ALL,40.8,Met,75.5,48,D
2025,650404,BL7,29,Met,77.8,39,F
2025,650404,EDS,33.3,Met,75.4,42,D
2025,650408,ALL,91.4,Exceeded,90.2,91,A
2025,65A000,ALL,68.7,Met,74.6,70,B
2025,65A000,EDS,50.7,Met,77.7,56,C
2025,65B000,ALL,37.3,Met,83.2,46,D
2025,65B000,BL7,26.3,,,26,F
2025,65B000,EDS,33.7,,,34,F
2025,65C000,ALL,47.2,Met,73.8,53,D
2025,65C000,EDS,48.9,Met,72.5,54,D
2025,65D000,ALL,53.6,Met,83.3,60,C
2025,65D000,EDS,41,,,41,D
2025,65F000,ALL,57.7,Met,81.2,62,C
2025,65F000,EDS,47.8,Met,75.6,53,D
2025,65G000,ALL,56.8,Exceeded,86.2,63,C
2025,65G000,BL7,37.9,Met,83.2,47,D
2025,65G000,EDS,49.5,Met,83.4,56,C
2025,65H000,ALL,57.5,Exceeded,85.2,63,C
2025,65H000,EDS,51.9,Met,81,58,C
2025,65Z000,ALL,10.2,Met,76.1,23,F
2025,65Z000,BL7,7.6,Met,76.9,21,F
2025,65Z000,EDS,9.3,Met,75.5,23,F
2025,660306,ALL,37.3,Met,73.4,45,D
2025,660306,BL7,37.5,Met,77.6,46,D
2025,660306,EDS,34.4,Met,74,42,D
2025,660308,ALL,39.5,Met,81.9,48,D
2025,660308,BL7,34.8,Met,82.6,44,D
2025,660308,EDS,36.6,Met,81.6,46,D
2025,660320,ALL,42.4,Met,76.6,49,D
2025,660320,BL7,40.7,Met,76.1,48,D
2025,660320,EDS,40.9,Met,76.3,48,D
2025,660336,ALL,39,NotMet,54.8,42,D
2025,660336,BL7,36.5,NotMet,55.4,40,D
2025,660336,EDS,38.7,NotMet,55.9,42,D
2025,660400,ALL,72.7,Met,81.9,75,B
2025,660400,BL7,63.5,Met,83.7,68,C
2025,66A000,ALL,48.3,Exceeded,98.3,58,C
2025,66A000,BL7,48.5,Exceeded,97,58,C
2025,66A000,EDS,43.8,Exceeded,92.8,54,D
2025,670300,ALL,99.3,Exceeded,87.3,97,A
2025,670304,ALL,50.9,Met,83.5,57,C
2025,670304,BL7,49.2,Met,82.1,56,C
2025,670304,EDS,45.9,Met,83.6,53,D
2025,670308,ALL,43.6,Exceeded,87.2,52,D
2025,670308,BL7,36,Exceeded,87.5,46,D
2025,670308,EDS,32.8,Exceeded,85.6,43,D
2025,670310,ALL,67.8,NotMet,67.3,68,C
2025,670310,BL7,50,Met,75.1,55,C
2025,670310,EDS,58.6,Met,71.8,61,C
2025,670311,ALL,52.8,Exceeded,89,60,C
2025,670311,EDS,45.4,Exceeded,86.5,54,D
2025,670312,ALL,48.3,Met,80.9,55,C
2025,670312,BL7,41.9,Exceeded,86.2,51,D
2025,670312,EDS,38.6,Met,81.4,47,D
2025,670313,ALL,72.9,Exceeded,86.7,76,B
2025,670313,EDS,59.9,Met,81.5,64,C
2025,670314,ALL,63.7,Met,70.1,65,C
2025,670314,EDS,52.6,Met,73.9,57,C
2025,670318,ALL,58.5,Met,73.6,62,C
2025,670318,BL7,40.6,Met,80.9,49,D
2025,670318,EDS,44.1,Met,81.6,52,D
2025,670320,ALL,73.2,Met,80,75,B
2025,670320,EDS,62.2,Met,76.5,65,C
2025,670321,ALL,50.7,NotMet,65.8,54,D
2025,670321,BL7,44.5,Met,76.4,51,D
2025,670321,EDS,44.5,NotMet,69.6,50,D
2025,670322,ALL,52,Exceeded,90.7,60,C
2025,670322,BL7,42.6,Met,81.4,50,D
2025,670322,EDS,42.1,Exceeded,89.1,52,D
2025,670323,ALL,45.9,Met,81.6,53,D
2025,670323,BL7,32.4,Met,82.2,42,D
2025,670323,EDS,37.9,Met,82.5,47,D
2025,670324,ALL,69.2,Exceeded,97.3,75,B
2025,670324,BL7,57.7,Exceeded,88.5,64,C
2025,670324,EDS,59.3,Exceeded,91.8,66,C
2025,670325,ALL,44.9,Exceeded,94,55,C
2025,670325,BL7,33.2,Exceeded,91,45,D
2025,670325,EDS,36.3,Exceeded,90.6,47,D
2025,670329,ALL,52,Met,81.6,58,C
2025,670329,BL7,41.5,Met,76.1,48,D
2025,670329,EDS,45,Met,75.3,51,D
2025,670330,ALL,59.4,Met,77.6,63,C
2025,670330,BL7,54.5,Met,77.7,59,C
2025,670330,EDS,52.8,Met,80,58,C
2025,670331,ALL,67.4,Exceeded,86.8,71,B
2025,670331,BL7,55.1,Met,83.6,61,C
2025,670331,EDS,51.8,Met,82.7,58,C
2025,670332,ALL,48.2,Met,76.7,54,D
2025,670332,BL7,41.1,Met,71.1,47,D
2025,670332,EDS,41.1,Met,75,48,D
2025,670333,ALL,64.6,Exceeded,85.2,69,C
2025,670333,BL7,55.1,Met,80.3,60,C
2025,670333,EDS,57.7,Met,82,63,C
2025,670335,ALL,59.3,Met,70.3,62,C
2025,670335,EDS,46.5,NotMet,66.5,51,D
2025,670336,ALL,53.4,Exceeded,88,60,C
2025,670336,BL7,36.2,Met,84,46,D
2025,670336,EDS,44.9,Exceeded,86.1,53,D
2025,670337,ALL,54.2,NotMet,54.4,54,D
2025,670337,EDS,46.5,NotMet,59,49,D
2025,670338,ALL,58.6,Exceeded,90,65,C
2025,670338,BL7,25,Met,83.1,37,F
2025,670338,EDS,47.2,Exceeded,85,55,C
2025,670339,ALL,56,Met,84.5,62,C
2025,670339,EDS,54.1,Met,81.1,60,C
2025,670340,ALL,65.1,NotMet,63.6,65,C
2025,670340,BL7,39,Met,75.8,46,D
2025,670340,EDS,60.3,NotMet,62.8,61,C
2025,670341,ALL,65.7,Met,83.8,69,C
2025,670341,EDS,60.5,Met,82.3,65,C
2025,670342,ALL,56.8,Exceeded,85.1,62,C
2025,670342,BL7,38.9,Met,76.3,46,D
2025,670342,EDS,51.1,Met,82.3,57,C
2025,670343,ALL,58.3,Met,80.4,63,C
2025,670343,BL7,44.3,Exceeded,85.2,52,D
2025,670343,EDS,50,Met,80.7,56,C
2025,670344,ALL,54.6,NotMet,56.9,55,C
2025,670344,BL7,45.3,NotMet,67.3,50,D
2025,670344,EDS,49.9,NotMet,59.2,52,D
2025,670345,ALL,42.9,Exceeded,88.1,52,D
2025,670345,BL7,32.9,Met,82.5,43,D
2025,670345,EDS,36.8,Exceeded,86.2,47,D
2025,670346,ALL,54.1,NotMet,61.9,56,C
2025,670346,BL7,36.5,NotMet,66.1,42,D
2025,670346,EDS,48.4,NotMet,67.8,52,D
2025,670347,ALL,56.7,Met,84.9,62,C
2025,670347,BL7,61.5,Met,82,66,C
2025,670347,EDS,48.8,Met,82.8,56,C
2025,670350,ALL,72,Exceeded,93,76,B
2025,670350,EDS,59.2,Exceeded,89.5,65,C
2025,670351,ALL,63.7,Exceeded,90.7,69,C
2025,670351,BL7,50,Met,84.7,57,C
2025,670351,EDS,49.6,Exceeded,87.9,57,C
2025,670352,ALL,73.2,Exceeded,91.5,77,B
2025,670352,EDS,60.6,Met,83.2,65,C
2025,670356,ALL,52.3,Exceeded,91.6,60,C
2025,670356,BL7,36.9,Exceeded,86.3,47,D
2025,670356,EDS,46.8,Exceeded,91,56,C
2025,670364,ALL,60.3,NotMet,66.9,62,C
2025,670364,BL7,48.8,Met,71.6,53,D
2025,670364,EDS,53.1,NotMet,64.2,55,C
2025,670379,ALL,42.6,NotMet,58.2,46,D
2025,670379,BL7,27.2,NotMet,64.9,35,F
2025,670379,EDS,33,NotMet,66.7,40,D
2025,67B000,ALL,37.3,Exceeded,85.8,47,D
2025,67B000,BL7,29.4,,,29,F
2025,67B000,EDS,39.8,,,40,D
2025,680304,ALL,51.4,Exceeded,90.9,59,C
2025,680304,BL7,45.2,Met,81,52,D
2025,680304,EDS,35.3,Exceeded,86.6,46,D
2025,680308,ALL,70.1,Exceeded,85.8,73,B
2025,680308,EDS,39.4,Exceeded,85,49,D
2025,680310,ALL,68.3,Exceeded,94.2,73,B
2025,680310,BL7,70.9,Met,83.5,73,B
2025,680310,EDS,51.7,Met,84.2,58,C
2025,680312,ALL,49.6,Met,70.9,54,D
2025,680312,BL7,31.4,Met,78.1,41,D
2025,680312,EDS,41.3,Met,76.3,48,D
2025,680316,ALL,60.8,Exceeded,86,66,C
2025,680316,BL7,34,Met,80.7,43,D
2025,680316,EDS,38.5,Met,83.3,47,D
2025,680324,ALL,61.6,Met,83.2,66,C
2025,680324,BL7,54.8,Met,80.2,60,C
2025,680324,EDS,51.8,Met,76.8,57,C
2025,680327,ALL,51.2,Met,78.7,57,C
2025,680327,BL7,40.9,Met,79.9,49,D
2025,680327,EDS,37,Met,79.4,45,D
2025,680328,ALL,56.5,Met,79.5,61,C
2025,680328,EDS,43.4,Met,75,50,D
2025,680329,ALL,80.1,Met,82.7,81,B
2025,680329,EDS,50,Met,73.2,55,C
2025,680330,ALL,57.5,Exceeded,97.4,65,C
2025,680330,EDS,49.9,Exceeded,93,59,C
2025,680332,ALL,66.8,Exceeded,90.3,72,B
2025,680332,BL7,52.7,Met,82.7,59,C
2025,680332,EDS,52.7,Exceeded,85.5,59,C
2025,680336,ALL,71.7,Exceeded,91.5,76,B
2025,680336,EDS,60.6,Exceeded,90.8,67,C
2025,681300,ALL,60.5,Met,80.4,64,C
2025,681300,BL7,30,Met,81,40,D
2025,681300,EDS,33.8,Met,75.5,42,D
2025,681304,ALL,70,Exceeded,87.5,74,B
2025,681304,EDS,39.1,Met,82.4,48,D
2025,681305,ALL,73.3,Exceeded,87.6,76,B
2025,681305,BL7,71.8,,,72,B
2025,681305,EDS,44,Met,82.1,52,D
2025,681308,ALL,83.6,Exceeded,100,87,A
2025,681308,BL7,57.6,Met,82.8,63,C
2025,681308,EDS,55,Exceeded,85.1,61,C
2025,681309,ALL,69.1,NotMet,64.8,68,C
2025,681309,BL7,41.3,NotMet,69.9,47,D
2025,681309,EDS,35.9,Met,70.2,43,D
2025,681310,ALL,78.7,Met,81.1,79,B
2025,681310,BL7,40,NotMet,67.4,45,D
2025,681310,EDS,37.1,Met,71,44,D
2025,681311,ALL,71.6,Exceeded,90.2,75,B
2025,681311,EDS,40.8,Met,83,49,D
2025,681312,ALL,78.9,Met,76.7,78,B
2025,681312,EDS,41.3,Met,70,47,D
2025,681314,ALL,84.3,Exceeded,90.5,86,A
2025,681314,BL7,35.9,NotMet,68.4,42,D
2025,681314,EDS,60.4,Met,80.8,64,C
2025,681316,ALL,68.9,Exceeded,86,72,B
2025,681316,EDS,37.3,Met,84.3,47,D
2025,681320,ALL,85.2,Met,82.2,85,A
2025,681320,EDS,65.9,Met,81.1,69,C
2025,681322,ALL,66.2,Met,80.4,69,C
2025,681322,BL7,29.5,Met,76,39,F
2025,681322,EDS,31.6,Exceeded,85.4,42,D
2025,681324,ALL,70.3,NotMet,58.3,68,C
2025,681324,BL7,24.7,NotMet,68,33,F
2025,681324,EDS,41.6,NotMet,59.6,45,D
2025,681326,ALL,71.5,Met,76.2,72,B
2025,681326,BL7,44.3,NotMet,69.3,49,D
2025,681326,EDS,40.8,NotMet,68,46,D
2025,681330,ALL,67.7,Met,73.9,69,C
2025,681330,BL7,18.3,Met,75.7,30,F
2025,681330,EDS,26.9,NotMet,68.7,35,F
2025,681332,ALL,83.6,Met,80.5,83,B
2025,681332,EDS,56.7,Met,71.3,60,C
2025,681334,ALL,64.8,Met,80.5,68,C
2025,681334,BL7,18.6,Met,75.3,30,F
2025,681334,EDS,44.6,Met,80.6,52,D
2025,681336,ALL,73.1,Met,84.9,75,B
2025,681336,BL7,44.6,Met,74.3,51,D
2025,681336,EDS,36,NotMet,68.8,43,D
2025,68A000,ALL,78.8,NotMet,64.8,76,B
2025,68A000,EDS,48.5,Met,72.3,53,D
2025,68C000,ALL,89.5,Met,77.7,87,A
2025,690312,ALL,57.2,NotMet,60.5,58,C
2025,690312,EDS,52.5,NotMet,68.8,56,C
2025,690316,ALL,54.6,NotMet,59.3,56,C
2025,690316,BL7,42.6,NotMet,67.3,48,D
2025,690316,EDS,45.1,NotMet,59.7,48,D
2025,690320,ALL,66.8,Met,80.7,70,B
2025,690320,BL7,37.8,Met,78.1,46,D
2025,690320,EDS,59.7,Met,81.4,64,C
2025,690324,ALL,59.3,Met,76.8,63,C
2025,690324,EDS,56.6,Met,74.9,60,C
2025,69A000,ALL,54.5,Met,81.6,60,C
2025,69A000,EDS,47.6,Met,81.1,54,D
2025,700306,ALL,52,Met,81.7,58,C
2025,700306,BL7,48.1,Met,82.7,55,C
2025,700306,EDS,45.6,Met,78.9,52,D
2025,700308,ALL,50,Met,79,56,C
2025,700308,BL7,45.7,Met,80.7,53,D
2025,700308,EDS,44.1,Met,78,51,D
2025,700314,ALL,53.3,Exceeded,85.1,60,C
2025,700314,BL7,44.9,Met,84.4,53,D
2025,700314,EDS,39.1,Met,80.7,47,D
2025,700316,ALL,50.9,Met,81.7,57,C
2025,700316,BL7,42.7,Met,77.2,50,D
2025,700316,EDS,37.1,Met,81.4,46,D
2025,700317,ALL,62.7,Met,73.6,65,C
2025,700317,BL7,59.5,Met,75.1,63,C
2025,700317,EDS,56,Met,71.8,59,C
2025,700319,ALL,51,Met,71,55,C
2025,700319,BL7,47.2,Met,72.1,52,D
2025,700319,EDS,45.7,Met,74.4,51,D
2025,700320,ALL,39.1,NotMet,64.4,44,D
2025,700320,BL7,32.5,NotMet,69.2,40,D
2025,700320,EDS,36.4,NotMet,60,41,D
2025,700322,ALL,44.3,Met,81.6,52,D
2025,700322,BL7,32.5,Met,76,41,D
2025,700322,EDS,36.6,Met,76.8,45,D
2025,700324,ALL,52,NotMet,62,54,D
2025,700324,BL7,49.3,NotMet,66.1,53,D
2025,700324,EDS,50.5,NotMet,63.9,53,D
2025,700325,ALL,84.2,,,84,B
2025,700325,EDS,82.7,,,83,B
2025,700328,ALL,69.8,Met,83.7,73,B
2025,700328,BL7,58.5,Met,78.1,62,C
2025,700328,EDS,56.3,Met,80.4,61,C
2025,70A000,ALL,58.1,NotMet,50.9,57,C
2025,70A000,BL7,45.5,NotMet,59.6,48,D
2025,70A000,EDS,49.6,NotMet,57,51,D
2025,710312,ALL,36.8,Met,84.4,46,D
2025,710312,BL7,17.6,Met,82.8,31,F
2025,710312,EDS,29.2,Met,84.7,40,D
2025,710316,ALL,37.4,Exceeded,91.5,48,D
2025,710316,BL7,28.1,Exceeded,88.3,40,D
2025,710316,EDS,31.9,Exceeded,90,44,D
2025,710318,ALL,45.4,Exceeded,88.5,54,D
2025,710318,EDS,39.1,Exceeded,87.7,49,D
2025,710320,ALL,50.8,Met,81.9,57,C
2025,710320,BL7,43.2,Met,80.1,51,D
2025,710320,EDS,45.2,Met,79.8,52,D
2025,710321,ALL,59,NotMet,59.9,59,C
2025,710321,BL7,62.2,NotMet,69.9,64,C
2025,710321,EDS,56.2,NotMet,60.9,57,C
2025,710323,ALL,75.5,Met,71,75,B
2025,710323,EDS,62.7,Met,79.1,66,C
2025,710324,ALL,39.6,Exceeded,86.2,49,D
2025,710324,BL7,29.2,Met,83.4,40,D
2025,710324,EDS,32.7,Met,84.8,43,D
2025,710326,ALL,51.3,NotMet,57.4,53,D
2025,710326,BL7,42.5,NotMet,61.8,46,D
2025,710326,EDS,48.2,NotMet,57.2,50,D
2025,710327,ALL,96,Exceeded,86,94,A
2025,710328,ALL,47.2,Met,81,54,D
2025,710328,BL7,25.9,Met,74.4,36,F
2025,710328,EDS,37.3,Met,79.2,46,D
2025,710332,ALL,61.9,Met,82.2,66,C
2025,710332,EDS,54.3,Met,83.2,60,C
2025,710342,ALL,80.4,Exceeded,90.1,82,B
2025,710342,EDS,70.3,Met,80.1,72,B
2025,710344,ALL,77.6,Met,75.6,77,B
2025,710344,EDS,60.9,Met,76.2,64,C
2025,710346,ALL,71.6,NotMet,66.2,71,B
2025,710346,EDS,59.3,NotMet,63,60,C
2025,710347,ALL,68.9,Met,80.8,71,B
2025,710347,EDS,53.6,Met,83.6,60,C
2025,710348,ALL,34.3,Exceeded,89.2,45,D
2025,710348,BL7,21.4,Met,78.7,33,F
2025,710348,EDS,34.4,Exceeded,87.8,45,D
2025,710350,ALL,63.6,Met,80.4,67,C
2025,710350,EDS,45.7,Met,73.3,51,D
2025,710352,ALL,68.7,Met,72,69,C
2025,710352,EDS,56.7,Met,81,62,C
2025,720304,ALL,,,,66,C
2025,720304,BL7,,,,48,D
2025,720304,EDS,,,,57,C
2025,720312,ALL,61.2,Met,83.8,66,C
2025,720312,BL7,39.5,Met,80.1,48,D
2025,720312,EDS,50.5,Met,81.2,57,C
2025,720316,ALL,63.5,NotMet,53.3,61,C
2025,720316,BL7,50.6,NotMet,60.8,53,D
2025,720316,EDS,56.5,NotMet,58.2,57,C
2025,720320,ALL,55.7,NotMet,54.6,55,C
2025,720320,BL7,28.1,NotMet,58.8,34,F
2025,720320,EDS,44,NotMet,56.4,46,D
2025,730332,ALL,66.3,Met,82.4,70,B
2025,730332,BL7,50,Met,76.8,55,C
2025,730332,EDS,53.8,Met,80.3,59,C
2025,730340,ALL,55.7,Exceeded,86.4,62,C
2025,730340,BL7,40.8,Exceeded,87,50,D
2025,730340,EDS,51.6,Exceeded,86.8,59,C
2025,730344,ALL,37.6,NotMet,56.8,41,D
2025,730344,BL7,22.2,NotMet,62.6,30,F
2025,730344,EDS,30.2,NotMet,59.2,36,F
2025,730348,ALL,61.6,Met,82.3,66,C
2025,730348,EDS,51,Met,79,57,C
2025,730350,ALL,63.1,Met,73.6,65,C
2025,730350,EDS,55,Met,72.9,59,C
2025,730352,ALL,53.2,NotMet,51.9,53,D
2025,730352,BL7,44.9,NotMet,58.9,48,D
2025,730352,EDS,45.3,NotMet,54.9,47,D
2025,730354,ALL,57.3,Met,83.2,62,C
2025,730354,BL7,40.8,NotMet,65.9,46,D
2025,730354,EDS,47.2,Met,76.5,53,D
2025,730356,ALL,56.1,Met,72.6,59,C
2025,730356,BL7,51.9,Met,73.6,56,C
2025,730356,EDS,50.1,Met,71.7,54,D
2025,730360,ALL,56.2,Met,83,62,C
2025,730360,BL7,38.2,Met,81.9,47,D
2025,730360,EDS,48.1,Met,83.7,55,C
2025,730362,ALL,76.3,,,76,B
2025,730368,ALL,65.1,Met,80.2,68,C
2025,730368,EDS,49.1,Met,72.4,54,D
2025,73A000,ALL,74.2,Met,77.8,75,B
2025,73A000,EDS,79,Met,77.7,79,B
2025,73B000,ALL,76,NotMet,63.3,73,B
2025,73B000,BL7,54,Met,80.8,59,C
2025,73B000,EDS,60.3,Met,70.8,62,C
2025,740302,ALL,58.2,Met,84,63,C
2025,740302,BL7,45,Met,80.2,52,D
2025,740302,EDS,42.9,Met,80.5,50,D
2025,740304,ALL,63.6,Exceeded,92.7,69,C
2025,740304,BL7,53.7,Exceeded,86.3,60,C
2025,740304,EDS,54.4,Exceeded,89.4,61,C
2025,740308,ALL,47.2,Met,77.1,53,D
2025,740308,BL7,31.3,Met,78,41,D
2025,740308,EDS,36.5,Met,81.4,45,D
2025,740309,ALL,54.2,NotMet,58.7,55,C
2025,740309,BL7,46.4,NotMet,64.9,50,D
2025,740309,EDS,45.9,NotMet,58.5,48,D
2025,740310,ALL,49,Exceeded,87.5,57,C
2025,740310,BL7,43.5,Exceeded,85.2,52,D
2025,740310,EDS,43.4,Exceeded,86,52,D
2025,740320,ALL,44.4,Exceeded,86.8,53,D
2025,740320,BL7,37.7,Met,81.9,47,D
2025,740320,EDS,39,Exceeded,86.6,49,D
2025,740324,ALL,43,Met,79.8,50,D
2025,740324,BL7,29.1,Met,71.8,38,F
2025,740324,EDS,31.8,Met,80.2,41,D
2025,740330,ALL,60.4,Met,81.6,65,C
2025,740330,BL7,53.9,Met,84.1,60,C
2025,740330,EDS,51.1,Met,77.7,56,C
2025,740332,ALL,76.6,Met,81.6,78,B
2025,740332,BL7,62.7,Met,74.8,65,C
2025,740332,EDS,63.4,Met,81.4,67,C
2025,740333,ALL,73.6,NotMet,59.6,71,B
2025,740333,BL7,56.6,Met,70,59,C
2025,740333,EDS,57.3,NotMet,63.7,59,C
2025,740334,ALL,43.3,Met,81.4,51,D
2025,740334,BL7,39.7,Met,81.1,48,D
2025,740334,EDS,35.8,Met,81.8,45,D
2025,740336,ALL,55.3,NotMet,66.2,57,C
2025,740336,BL7,41.6,NotMet,63.3,46,D
2025,740336,EDS,44.5,NotMet,65,49,D
2025,740337,ALL,41.7,NotMet,69.1,47,D
2025,740337,BL7,32.9,NotMet,65.2,39,F
2025,740337,EDS,33.3,NotMet,68.3,40,D
2025,740338,ALL,56.4,Met,84,62,C
2025,740338,BL7,34.6,Met,80.2,44,D
2025,740338,EDS,41.8,Met,78.2,49,D
2025,740340,ALL,44.6,Exceeded,90,54,D
2025,740340,BL7,32,Met,76.9,41,D
2025,740340,EDS,37.3,Met,79.5,46,D
2025,740344,ALL,63.7,Met,83.3,68,C
2025,740344,BL7,54.1,Met,80.1,59,C
2025,740344,EDS,55.1,Met,80.6,60,C
2025,740352,ALL,44.6,Met,75.2,51,D
2025,740352,BL7,32.1,Met,75.8,41,D
2025,740352,EDS,44.1,Met,74,50,D
2025,740358,ALL,68.2,Exceeded,85.8,72,B
2025,740358,BL7,57,Met,81.5,62,C
2025,740358,EDS,54.6,Exceeded,85.5,61,C
2025,740360,ALL,,,,53,D
2025,740360,BL7,,,,40,D
2025,740360,EDS,,,,46,D
2025,740362,ALL,76.7,Exceeded,90.7,80,B
2025,740362,BL7,56.2,Exceeded,86.6,62,C
2025,740362,EDS,57.9,Met,83.5,63,C
2025,740366,ALL,65.5,Met,82.1,69,C
2025,740366,BL7,47.9,Met,73.6,53,D
2025,740366,EDS,47,Met,75.2,53,D
2025,740368,ALL,48.6,Exceeded,89.7,57,C
2025,740368,BL7,45.6,Exceeded,85.9,54,D
2025,740368,EDS,42.9,Exceeded,85.4,51,D
2025,740374,ALL,55.8,Exceeded,86.6,62,C
2025,740374,BL7,44.9,Met,81.9,52,D
2025,740374,EDS,51.4,Met,83.5,58,C
2025,740375,ALL,46.7,Exceeded,87.9,55,C
2025,740375,BL7,35.5,Met,84.3,45,D
2025,740375,EDS,44,Met,84.4,52,D
2025,740376,ALL,45.7,Met,81.3,53,D
2025,740376,BL7,38.8,Met,76.5,46,D
2025,740376,EDS,43.3,Met,80.9,51,D
2025,740379,ALL,73.4,Met,75.9,74,B
2025,740379,BL7,51.3,Met,70.9,55,C
2025,740379,EDS,57.7,Met,78,62,C
2025,740380,ALL,58.8,Met,81,63,C
2025,740380,BL7,52.6,Met,81.6,58,C
2025,740380,EDS,47.9,Met,81.4,55,C
2025,740383,ALL,41.5,,,42,D
2025,740383,BL7,34.5,,,35,F
2025,740383,EDS,30,,,30,F
2025,740386,ALL,45.5,Met,81.3,53,D
2025,740386,BL7,31.2,Met,76.2,40,D
2025,740386,EDS,38.6,Met,77.7,46,D
2025,740388,ALL,61.1,Exceeded,88.8,67,C
2025,740388,BL7,52.5,Exceeded,85.2,59,C
2025,740388,EDS,50.8,Met,83.3,57,C
2025,740390,ALL,45.5,Exceeded,85.7,54,D
2025,740390,BL7,42.5,Met,84.5,51,D
2025,740390,EDS,46.5,Exceeded,86.5,55,C
2025,740396,ALL,54.4,Met,83.9,60,C
2025,740396,EDS,43.9,Met,84.8,52,D
2025,740400,ALL,44.4,Exceeded,85.4,53,D
2025,740400,BL7,41.5,Exceeded,85.3,50,D
2025,740400,EDS,39.3,Met,84.5,48,D
2025,740402,ALL,37.7,Exceeded,92.4,49,D
2025,740402,BL7,30.9,Met,79.4,41,D
2025,740402,EDS,34.7,Exceeded,89.9,46,D
2025,740404,ALL,77.7,Exceeded,91.1,80,B
2025,740404,BL7,58.4,Met,76.8,62,C
2025,740404,EDS,62.5,Met,81.5,66,C
2025,740406,ALL,,,,80,B
2025,740406,BL7,,,,62,C
2025,740406,EDS,,,,66,C
2025,740500,ALL,95.8,Met,77.6,92,A
2025,740500,EDS,100,Met,81.1,96,A
2025,740501,ALL,89.7,Exceeded,87.3,89,A
2025,740501,EDS,90.7,Exceeded,85.3,90,A
2025,740600,ALL,65.2,,,65,C
2025,74C000,ALL,60,Met,84.4,65,C
2025,74C000,BL7,55,Met,83.9,61,C
2025,74C000,EDS,51.4,Met,82.8,58,C
2025,74Z000,ALL,60.8,Exceeded,91.5,67,C
2025,74Z000,BL7,60.5,Exceeded,91.7,67,C
2025,74Z000,EDS,61.2,Exceeded,91.7,67,C
2025,750304,ALL,63.2,NotMet,58.3,62,C
2025,750304,EDS,55.9,NotMet,59.9,57,C
2025,750314,ALL,60.1,Met,78.4,64,C
2025,750314,EDS,48.3,Met,80.4,55,C
2025,750317,ALL,95,,,95,A
2025,750318,ALL,68.1,NotMet,62.6,67,C
2025,750318,EDS,56.9,NotMet,65.2,59,C
2025,750319,ALL,60.8,Met,70.9,63,C
2025,750319,EDS,47,Met,74.8,53,D
2025,750320,ALL,85.2,Exceeded,86.8,86,A
2025,750328,ALL,62.9,Met,70.5,64,C
2025,750328,EDS,54.4,Met,74.1,58,C
2025,760304,ALL,52.1,Met,81.2,58,C
2025,760304,EDS,47.6,Met,83,55,C
2025,760308,ALL,47.4,Met,81,54,D
2025,760308,BL7,25,,,25,F
2025,760308,EDS,41.9,Met,78.4,49,D
2025,760316,ALL,44.1,Met,81.5,52,D
2025,760316,EDS,40.6,Met,75.5,48,D
2025,760318,ALL,42,NotMet,50.6,44,D
2025,760318,BL7,21.1,NotMet,68.6,31,F
2025,760318,EDS,32.9,NotMet,54.3,37,F
2025,760320,ALL,49.6,Met,73.4,54,D
2025,760320,EDS,26,Met,73.3,35,F
2025,760324,ALL,64.8,NotMet,67.5,65,C
2025,760324,EDS,59.9,Met,76.1,63,C
2025,760328,ALL,57.8,Met,81.4,63,C
2025,760328,EDS,45.1,Met,80.3,52,D
2025,760329,ALL,72.2,Exceeded,87.4,75,B
2025,760329,EDS,64.5,Exceeded,85.4,69,C
2025,760330,ALL,66.8,Met,80.1,69,C
2025,760330,EDS,56.2,Met,83.8,62,C
2025,760331,ALL,59.1,Met,82.8,64,C
2025,760331,EDS,48,Met,80.9,55,C
2025,760332,ALL,47.6,Met,81.1,54,D
2025,760332,EDS,39.9,Met,80.1,48,D
2025,760336,ALL,66.4,Met,80,69,C
2025,760336,EDS,61.1,Met,84.3,66,C
2025,760338,ALL,51.4,Exceeded,86.1,58,C
2025,760338,EDS,39.8,Met,81.4,48,D
2025,760339,ALL,61.2,NotMet,59.3,61,C
2025,760339,EDS,52.5,NotMet,61.6,54,D
2025,760340,ALL,38.7,Met,81.8,47,D
2025,760340,EDS,40,Met,80.1,48,D
2025,760344,ALL,39,NotMet,54.2,42,D
2025,760344,EDS,32.7,NotMet,55.7,37,F
2025,760348,ALL,59.4,NotMet,60.7,60,C
2025,760348,EDS,53.3,NotMet,63.6,55,C
2025,760352,ALL,46.1,NotMet,59.5,49,D
2025,760352,BL7,23.7,Met,79.1,35,F
2025,760352,EDS,37.4,Met,71.7,44,D
2025,760354,ALL,89.9,Exceeded,93.4,91,A
2025,760354,EDS,89.3,Exceeded,90.6,90,A
2025,760356,ALL,60.1,Met,81,64,C
2025,760356,EDS,46.9,Met,78.2,53,D
2025,760357,ALL,34.6,Met,73.6,42,D
2025,760357,BL7,27.4,Met,75.8,37,F
2025,760357,EDS,30.6,NotMet,69.1,38,F
2025,760358,ALL,61.2,NotMet,59.8,61,C
2025,760358,EDS,57.3,NotMet,64,59,C
2025,760359,ALL,58.5,Exceeded,90.3,65,C
2025,760359,EDS,51.4,Exceeded,86.1,58,C
2025,760360,ALL,57.5,Met,74.4,61,C
2025,760360,EDS,50.4,Met,78.7,56,C
2025,760364,ALL,54.8,NotMet,67.1,57,C
2025,760364,EDS,50.2,NotMet,69.5,54,D
2025,760368,ALL,56.7,Met,70.1,59,C
2025,760368,EDS,54.9,Met,70.6,58,C
2025,760376,ALL,45.7,Met,72.1,51,D
2025,760376,EDS,38.5,Met,74.3,46,D
2025,760378,ALL,52.2,NotMet,62.7,54,D
2025,760378,EDS,37.4,NotMet,63.2,43,D
2025,760380,ALL,64.7,Met,84.4,69,C
2025,760380,EDS,56.2,Exceeded,87.3,62,C
2025,760382,ALL,46.8,NotMet,62.8,50,D
2025,760382,EDS,34.8,NotMet,64.1,41,D
2025,760385,ALL,31.5,NotMet,62,38,F
2025,760385,EDS,30.1,Met,71.6,38,F
2025,760388,ALL,70.9,Exceeded,90.1,75,B
2025,760388,EDS,62.1,Exceeded,89.8,68,C
2025,761304,ALL,59.9,NotMet,67.6,61,C
2025,761304,BL7,52.4,Met,74.9,57,C
2025,761304,EDS,55.5,Met,74,59,C
2025,761308,ALL,45.6,Met,82,53,D
2025,761308,BL7,26.1,Met,72.8,35,F
2025,761308,EDS,37,Met,73.3,44,D
2025,761312,ALL,45.1,Met,75.9,51,D
2025,761312,BL7,28.1,NotMet,69.7,36,F
2025,761312,EDS,45.8,Met,78.4,52,D
2025,761320,ALL,37.6,NotMet,56.9,41,D
2025,761320,BL7,21.7,NotMet,61.1,30,F
2025,761320,EDS,35.4,NotMet,58.5,40,D
2025,761321,ALL,45.8,Exceeded,85.3,54,D
2025,761321,EDS,41.6,Met,80.5,49,D
2025,761328,ALL,53.1,NotMet,67.2,56,C
2025,761328,EDS,41.9,NotMet,66.5,47,D
2025,761332,ALL,39.3,NotMet,63.8,44,D
2025,761332,BL7,15.6,NotMet,66,26,F
2025,761332,EDS,19.7,NotMet,59.2,28,F
2025,761336,ALL,41.9,Met,81.2,50,D
2025,761336,BL7,31.8,Met,82.5,42,D
2025,761336,EDS,36,Met,80.7,45,D
2025,76A000,ALL,51.9,NotMet,64.5,54,D
2025,76A000,BL7,31.3,,,31,F
2025,76A000,EDS,41.7,NotMet,67.3,47,D
2025,76A310,ALL,17.9,NotMet,58,26,F
2025,770310,ALL,44.2,Met,80.8,52,D
2025,770310,BL7,33.3,Met,77.4,42,D
2025,770310,EDS,39.1,Met,74.1,46,D
2025,770316,ALL,49.3,NotMet,65.9,53,D
2025,770316,BL7,26.1,NotMet,59.5,33,F
2025,770316,EDS,41.9,NotMet,59.6,45,D
2025,770318,ALL,51.5,Met,76.6,57,C
2025,770318,BL7,37.8,Met,76.6,46,D
2025,770318,EDS,43.3,NotMet,69.5,49,D
2025,770328,ALL,52.1,Met,80.9,58,C
2025,770328,BL7,37.2,Met,75.3,45,D
2025,770328,EDS,46.8,Met,77.8,53,D
2025,770340,ALL,50.9,NotMet,67.8,54,D
2025,770340,BL7,31.4,Met,81.7,41,D
2025,770340,EDS,42.2,Met,75.3,49,D
2025,770344,ALL,53.9,Met,83.3,60,C
2025,770344,BL7,37.5,Met,80.5,46,D
2025,770344,EDS,50.8,Met,82.6,57,C
2025,770346,ALL,39.2,Met,74.8,46,D
2025,770346,BL7,34.9,Met,72.6,42,D
2025,770346,EDS,35.7,Met,75.1,44,D
2025,770348,ALL,54.8,NotMet,50,54,D
2025,770348,BL7,49.5,NotMet,53.2,50,D
2025,770348,EDS,50.3,NotMet,50,50,D
2025,770349,ALL,91.8,Met,83.3,90,A
2025,770349,EDS,92.1,Met,82.6,90,A
2025,770351,ALL,28,NotMet,58,34,F
2025,770351,BL7,21.3,NotMet,63.7,30,F
2025,770351,EDS,22,NotMet,58.8,29,F
2025,770360,ALL,51.2,Met,83.2,58,C
2025,770360,BL7,36.8,Met,80.1,45,D
2025,770360,EDS,44.7,Met,83.4,52,D
2025,770364,ALL,39.5,Met,75.2,47,D
2025,770364,BL7,26.1,Met,78.5,37,F
2025,770364,EDS,37.1,Met,74.9,45,D
2025,770368,ALL,32.6,NotMet,58.6,38,F
2025,770368,BL7,15.3,NotMet,62.5,25,F
2025,770368,EDS,28.3,NotMet,59,34,F
2025,770370,ALL,40.5,NotMet,68.9,46,D
2025,770370,BL7,30.5,NotMet,67.7,38,F
2025,770370,EDS,33,NotMet,68.6,40,D
2025,780320,ALL,38.1,NotMet,63.1,43,D
2025,780320,EDS,32.8,NotMet,59.8,38,F
2025,780322,ALL,79.4,Exceeded,88.8,81,B
2025,780322,EDS,79.2,Exceeded,88,81,B
2025,780325,ALL,50,Exceeded,85.9,57,C
2025,780325,BL7,44.2,Met,84.3,52,D
2025,780325,EDS,47,Met,83.5,54,D
2025,780326,ALL,21.1,NotMet,68.4,31,F
2025,780326,BL7,20.7,Met,73.9,31,F
2025,780326,EDS,16.8,NotMet,64.5,26,F
2025,780328,ALL,34.7,Met,84.1,45,D
2025,780328,BL7,30.9,Met,84.4,42,D
2025,780328,EDS,30.1,Met,81.9,40,D
2025,780330,ALL,29,NotMet,56.6,35,F
2025,780330,BL7,23.3,NotMet,62.9,31,F
2025,780330,EDS,25.5,NotMet,58.9,32,F
2025,780336,ALL,46.4,NotMet,55,48,D
2025,780336,BL7,38.2,NotMet,60.8,43,D
2025,780336,EDS,37.9,NotMet,55.3,41,D
2025,780340,ALL,39.9,Met,74.6,47,D
2025,780340,BL7,23.2,Met,74.7,34,F
2025,780340,EDS,36.7,Met,72.4,44,D
2025,780341,ALL,31.6,Exceeded,85,42,D
2025,780341,BL7,24.3,Met,80.6,36,F
2025,780341,EDS,30.1,Met,83.9,41,D
2025,780342,ALL,54.6,Met,84.9,61,C
2025,780342,BL7,51.9,Exceeded,88.1,59,C
2025,780342,EDS,51.3,Exceeded,85.1,58,C
2025,780344,ALL,43.1,Met,82.9,51,D
2025,780344,BL7,35.5,,,36,F
2025,780344,EDS,39.6,Met,82,48,D
2025,780352,ALL,26.6,NotMet,65.9,34,F
2025,780352,BL7,16.4,Met,75.3,28,F
2025,780352,EDS,22.4,NotMet,65.5,31,F
2025,780356,ALL,51.7,Met,77.9,57,C
2025,780356,EDS,49.2,Met,78.3,55,C
2025,780360,ALL,39.8,Exceeded,98.2,51,D
2025,780360,BL7,32.8,Exceeded,89.4,44,D
2025,780360,EDS,36.9,Exceeded,96.2,49,D
2025,780364,ALL,45.8,Met,83.9,53,D
2025,780364,EDS,39.2,Met,82.8,48,D
2025,780368,ALL,31.1,NotMet,50,35,F
2025,780368,BL7,27.6,,,28,F
2025,780368,EDS,23.5,NotMet,50,29,F
2025,780374,ALL,38.2,NotMet,69.3,44,D
2025,780374,BL7,36.8,Met,76.3,45,D
2025,780374,EDS,37.1,Met,76.1,45,D
2025,780376,ALL,46.2,Exceeded,89.3,55,C
2025,780376,EDS,42.1,Exceeded,89.4,52,D
2025,780384,ALL,55.2,Exceeded,92,63,C
2025,780384,EDS,49.1,Exceeded,91.1,58,C
2025,780385,ALL,91.7,Exceeded,86.7,91,A
2025,780385,EDS,91.9,Exceeded,86.4,91,A
2025,780391,ALL,49.9,Exceeded,85.3,57,C
2025,780391,BL7,43.8,Met,80,51,D
2025,780391,EDS,48,Met,84.1,55,C
2025,780392,ALL,39.9,Exceeded,85.6,49,D
2025,780392,EDS,39.4,Met,84.1,48,D
2025,780393,ALL,22.8,NotMet,58.3,30,F
2025,780393,BL7,26.3,Met,77.3,37,F
2025,780393,EDS,20.3,NotMet,60.1,28,F
2025,780394,ALL,28.5,NotMet,65.4,36,F
2025,780394,BL7,31.2,Met,72.6,39,F
2025,780394,EDS,26.3,NotMet,67.4,35,F
2025,780398,ALL,43.9,Met,71.9,50,D
2025,780398,BL7,39.8,Met,79.7,48,D
2025,780398,EDS,45.1,Met,73.5,51,D
2025,780400,ALL,29.8,NotMet,65.3,37,F
2025,780400,BL7,25,Met,70.3,34,F
2025,780400,EDS,30.1,NotMet,66.6,37,F
2025,780401,ALL,55.8,Exceeded,88.5,62,C
2025,780401,BL7,49.3,Met,79.9,55,C
2025,780401,EDS,51.7,Exceeded,85.7,59,C
2025,780403,ALL,23.3,NotMet,60.4,31,F
2025,780403,BL7,16.7,NotMet,64.2,26,F
2025,780403,EDS,20.7,NotMet,64,29,F
2025,780407,ALL,61.1,Met,83.3,66,C
2025,780407,EDS,59.8,Met,83,64,C
2025,780408,ALL,32.2,Met,84.8,43,D
2025,780408,BL7,34.8,Met,84,45,D
2025,780408,EDS,29.2,Exceeded,85,40,D
2025,780410,ALL,27.4,Met,78.6,38,F
2025,780410,BL7,26.4,Met,76.3,36,F
2025,780410,EDS,23.2,Met,77.2,34,F
2025,780412,ALL,43,Exceeded,89.2,52,D
2025,780412,EDS,42.1,Exceeded,89.6,52,D
2025,780416,ALL,59.3,Exceeded,86.7,65,C
2025,780416,EDS,52.3,Exceeded,86,59,C
2025,780417,ALL,35.4,NotMet,66.8,42,D
2025,780417,BL7,33,NotMet,69,40,D
2025,780417,EDS,35.9,NotMet,64.4,42,D
2025,780420,ALL,56.7,NotMet,59.3,57,C
2025,780420,BL7,43,Met,84.7,51,D
2025,780420,EDS,51.5,NotMet,63.9,54,D
2025,780421,ALL,29.6,Exceeded,90.3,42,D
2025,780421,BL7,28.9,Exceeded,90.3,41,D
2025,780421,EDS,26.6,Exceeded,88.2,39,F
2025,78A000,ALL,45.3,Met,78.6,52,D
2025,78A000,EDS,37,Met,76.9,45,D
2025,78B000,ALL,77.6,Met,78.9,78,B
2025,78B000,EDS,67.7,,,68,C
2025,78C000,ALL,66.7,Met,84.3,70,B
2025,78C000,EDS,57.9,Met,79,62,C
2025,790302,ALL,63.7,Met,83.7,68,C
2025,790302,EDS,46.3,Met,79.5,53,D
2025,790310,ALL,42.2,NotMet,51.2,44,D
2025,790310,BL7,26.7,NotMet,57,33,F
2025,790310,EDS,36.4,NotMet,53.3,40,D
2025,790314,ALL,59.8,Met,70.9,62,C
2025,790314,BL7,46.2,Met,75.3,52,D
2025,790314,EDS,56.1,Met,70.7,59,C
2025,790318,ALL,57.3,Met,79.5,62,C
2025,790318,BL7,45.7,Met,74.5,51,D
2025,790318,EDS,51.5,Met,75.9,56,C
2025,790327,ALL,46.5,NotMet,62.2,50,D
2025,790327,EDS,43.9,NotMet,66.8,48,D
2025,790330,ALL,35,NotMet,50.7,38,F
2025,790330,BL7,26.8,NotMet,63.1,34,F
2025,790330,EDS,31,NotMet,53.4,35,F
2025,790344,ALL,53,Met,73.9,57,C
2025,790344,BL7,29.1,Met,71.5,38,F
2025,790344,EDS,50.9,Met,77.8,56,C
2025,790347,ALL,66.2,Exceeded,92.5,71,B
2025,790347,EDS,62.1,Exceeded,88.9,67,C
2025,790350,ALL,43.3,Exceeded,89.8,53,D
2025,790350,BL7,32.3,Met,84.6,43,D
2025,790350,EDS,37.6,Exceeded,85.5,47,D
2025,790354,ALL,53.9,NotMet,54.8,54,D
2025,790354,BL7,45.2,NotMet,59.4,48,D
2025,790354,EDS,48.3,NotMet,59.3,51,D
2025,790358,ALL,23.6,NotMet,61.3,31,F
2025,790358,BL7,21.5,Met,70.1,31,F
2025,790358,EDS,21.9,NotMet,61.2,30,F
2025,790362,ALL,45.4,Met,81.1,53,D
2025,790362,EDS,33.6,Met,79.9,43,D
2025,790366,ALL,48.9,NotMet,56.4,50,D
2025,790366,BL7,46.7,NotMet,59.6,49,D
2025,790366,EDS,41.6,NotMet,57.3,45,D
2025,790374,ALL,31.3,NotMet,55.7,36,F
2025,790374,BL7,29.3,NotMet,67.8,37,F
2025,790374,EDS,25.2,NotMet,58.1,32,F
2025,790378,ALL,57.8,NotMet,54.4,57,C
2025,790378,BL7,21.8,Met,71.4,32,F
2025,790378,EDS,49,NotMet,59.6,51,D
2025,790379,ALL,89.4,Met,82.3,88,A
2025,790379,EDS,92.3,Met,82.1,90,A
2025,790380,ALL,57.1,NotMet,52.3,56,C
2025,790380,BL7,42.6,Met,73,49,D
2025,790380,EDS,40.7,NotMet,56.9,44,D
2025,790386,ALL,32.5,Met,80,42,D
2025,790386,BL7,27,Met,82.1,38,F
2025,790386,EDS,27.5,Met,75.9,37,F
2025,790390,ALL,48.9,Met,81.3,55,C
2025,790390,EDS,42.8,Met,83.5,51,D
2025,790394,ALL,53.3,Exceeded,86.2,60,C
2025,790394,BL7,35.3,Exceeded,87.1,46,D
2025,790394,EDS,48.7,Met,83.6,56,C
2025,790398,ALL,60.4,Exceeded,88.5,66,C
2025,790398,EDS,46.2,Met,81.2,53,D
2025,790402,ALL,48.2,NotMet,57.8,50,D
2025,790402,BL7,33,NotMet,59.5,38,F
2025,790402,EDS,44.7,NotMet,58.5,47,D
2025,79A000,ALL,61,Met,70.7,63,C
2025,79A000,EDS,42.8,Met,71,48,D
2025,79C000,ALL,37.3,Met,82.5,46,D
2025,79C000,EDS,33.7,Met,82.7,44,D
2025,800312,ALL,57.6,Met,82,62,C
2025,800312,EDS,36.5,Met,80.8,45,D
2025,800314,ALL,37.2,NotMet,56.4,41,D
2025,800314,BL7,15,Met,78.6,28,F
2025,800314,EDS,27.7,NotMet,57.6,34,F
2025,800315,ALL,26.8,NotMet,63.6,34,F
2025,800315,BL7,14,Met,72.8,26,F
2025,800315,EDS,20.3,Met,71,30,F
2025,800316,ALL,31.7,NotMet,62.6,38,F
2025,800316,EDS,23.5,Met,70.6,33,F
2025,800320,ALL,46.3,NotMet,54,48,D
2025,800320,EDS,29.7,NotMet,59.2,36,F
2025,800328,ALL,39,NotMet,54.7,42,D
2025,800328,BL7,20.5,NotMet,67.4,30,F
2025,800328,EDS,31.7,NotMet,56.7,37,F
2025,800340,ALL,57.8,Met,75.5,61,C
2025,800340,BL7,24.5,Met,81,36,F
2025,800340,EDS,45.8,Met,71.8,51,D
2025,800346,ALL,19.2,NotMet,58.3,27,F
2025,800346,BL7,9,NotMet,56.2,18,F
2025,800346,EDS,11.3,NotMet,56.2,20,F
2025,800347,ALL,54.1,Met,80.8,59,C
2025,800347,EDS,48.3,Met,81.8,55,C
2025,800356,ALL,40.6,NotMet,56.3,44,D
2025,800356,BL7,25,NotMet,60.9,32,F
2025,800356,EDS,33.9,NotMet,58.8,39,F
2025,800358,ALL,44.1,Met,79.5,51,D
2025,800358,BL7,39,Met,81.1,47,D
2025,800358,EDS,37.7,Met,80.3,46,D
2025,800359,ALL,26.1,NotMet,57.5,32,F
2025,800359,BL7,17.5,NotMet,69.2,28,F
2025,800359,EDS,26,NotMet,61.5,33,F
2025,800360,ALL,25.5,NotMet,68.9,34,F
2025,800360,BL7,12.9,NotMet,64.6,23,F
2025,800360,EDS,22.8,NotMet,67.7,32,F
2025,800361,ALL,67.2,Exceeded,94.9,73,B
2025,800361,BL7,34.4,,,34,F
2025,800361,EDS,56.5,Exceeded,90.8,63,C
2025,800362,ALL,27,NotMet,64.1,34,F
2025,800362,BL7,21.6,NotMet,68.1,31,F
2025,800362,EDS,25.3,NotMet,62.6,33,F
2025,800364,ALL,58.8,NotMet,61.3,59,C
2025,800364,BL7,47.7,NotMet,69.7,52,D
2025,800364,EDS,49.4,NotMet,66.9,53,D
2025,800366,ALL,65.6,Exceeded,86.4,70,B
2025,800366,EDS,54.9,Exceeded,87.3,61,C
2025,800368,ALL,47,Met,83.8,54,D
2025,800368,EDS,40.4,Met,81.3,49,D
2025,800372,ALL,68,Exceeded,90.2,72,B
2025,800372,EDS,57.9,Exceeded,87,64,C
2025,800373,ALL,15.3,NotMet,55.4,23,F
2025,800373,BL7,5.6,NotMet,58.4,16,F
2025,800373,EDS,14.5,NotMet,57.8,23,F
2025,800376,ALL,50,NotMet,58.2,52,D
2025,800376,BL7,49.3,NotMet,66.9,53,D
2025,800376,EDS,43.8,NotMet,61.9,47,D
2025,800377,ALL,25.6,Exceeded,97.9,40,D
2025,800377,BL7,20.4,Exceeded,93.3,35,F
2025,800377,EDS,22.3,Exceeded,96.8,37,F
2025,800392,ALL,56.7,NotMet,58.6,57,C
2025,800392,EDS,46,NotMet,62,49,D
2025,800394,ALL,84.2,Exceeded,96.4,87,A
2025,800394,EDS,84.7,,,85,A
2025,800396,ALL,49.1,Exceeded,85.2,56,C
2025,800396,BL7,45.7,Met,80.7,53,D
2025,800396,EDS,45,Met,81.9,52,D
2025,800398,ALL,25.6,NotMet,53.8,31,F
2025,800398,BL7,16,NotMet,62.2,25,F
2025,800398,EDS,20,NotMet,55.7,27,F
2025,800400,ALL,54.1,NotMet,56.8,55,C
2025,800400,BL7,22.2,Met,73.2,32,F
2025,800400,EDS,48.9,NotMet,59.8,51,D
2025,800406,ALL,48.9,Met,81.4,55,C
2025,800406,BL7,33.8,Met,78.9,43,D
2025,800406,EDS,40.4,Met,81.5,49,D
2025,800408,ALL,52.3,NotMet,58.1,53,D
2025,800408,BL7,45.6,NotMet,66.1,50,D
2025,800408,EDS,42.6,NotMet,58.9,46,D
2025,800410,ALL,35.5,NotMet,56.4,40,D
2025,800410,BL7,21.2,Met,74.4,32,F
2025,800410,EDS,25.5,NotMet,65.4,33,F
2025,800500,ALL,39.6,NotMet,60.7,44,D
2025,800500,BL7,38.6,,,39,F
2025,800500,EDS,37.2,NotMet,64.9,43,D
2025,80C000,ALL,58,Met,74.4,61,C
2025,80C000,EDS,52.2,Met,79.8,58,C
2025,810324,ALL,76.2,Exceeded,91.2,79,B
2025,810324,EDS,71.6,Exceeded,88.7,75,B
2025,810326,ALL,59,NotMet,58.7,59,C
2025,810326,EDS,56.7,NotMet,59.2,57,C
2025,810328,ALL,77.4,Met,73.7,77,B
2025,810328,EDS,79.2,Met,80,79,B
2025,810336,ALL,71.3,Met,70.4,71,B
2025,810336,BL7,62.5,NotMet,60.9,62,C
2025,810336,EDS,66,NotMet,64.4,66,C
2025,810340,ALL,69.3,NotMet,69.5,69,C
2025,810340,BL7,32.6,Met,71.3,40,D
2025,810340,EDS,61,Met,70.8,63,C
2025,810342,ALL,47.7,NotMet,50,48,D
2025,810342,BL7,36.9,NotMet,59.3,41,D
2025,810342,EDS,40.3,NotMet,52.4,43,D
2025,810344,ALL,73.4,Met,81.5,75,B
2025,810344,EDS,69,Met,71.9,70,B
2025,810350,ALL,62.6,Met,79.6,66,C
2025,810350,EDS,58.5,Met,82.9,63,C
2025,810360,ALL,71.8,NotMet,67.4,71,B
2025,810360,EDS,66.9,NotMet,62.6,66,C
2025,810364,ALL,58.1,Met,78,62,C
2025,810364,EDS,48.6,Met,80.1,55,C
2025,810370,ALL,62.1,Met,81.1,66,C
2025,810370,EDS,53.9,Met,76.9,59,C
2025,810378,ALL,52.7,Met,72.1,57,C
2025,810378,BL7,39.2,Met,78.2,47,D
2025,810378,EDS,41.4,Met,73.4,48,D
2025,810384,ALL,65.1,NotMet,59.6,64,C
2025,810384,BL7,26.2,NotMet,68.3,35,F
2025,810384,EDS,53.8,NotMet,57.9,55,C
2025,810385,ALL,85,NotMet,68.3,82,B
2025,810385,EDS,86.7,Met,74.2,84,B
2025,810388,ALL,70.1,Met,82,72,B
2025,810388,EDS,67.1,Met,79.9,70,B
2025,810396,ALL,45.4,NotMet,68.6,50,D
2025,810396,BL7,32.3,NotMet,69.7,40,D
2025,810396,EDS,42.8,NotMet,69,48,D
2025,810400,ALL,63.3,Met,82.7,67,C
2025,810400,EDS,54,Met,82.5,60,C
2025,81A000,ALL,78.3,NotMet,55.9,74,B
2025,81A000,BL7,59.5,Met,77.8,63,C
2025,81A000,EDS,68.8,NotMet,64.3,68,C
2025,81B000,ALL,56.7,NotMet,63.9,58,C
2025,81B000,EDS,47.5,NotMet,59.6,50,D
2025,820312,ALL,46.5,Exceeded,85.2,54,D
2025,820312,BL7,35.1,Met,78,44,D
2025,820312,EDS,44.7,Met,84.2,53,D
2025,820320,ALL,68.5,Exceeded,89.2,73,B
2025,820320,EDS,59.6,Exceeded,86.9,65,C
2025,820324,ALL,92,Exceeded,85.3,91,A
2025,820324,EDS,92.2,Exceeded,85.4,91,A
2025,820340,ALL,63.8,Met,82.4,68,C
2025,820340,EDS,60.5,Met,82.4,65,C
2025,820346,ALL,65.4,NotMet,69.8,66,C
2025,820346,EDS,60,Met,70.9,62,C
2025,820347,ALL,46.1,NotMet,65.5,50,D
2025,820347,BL7,32.3,Met,76,41,D
2025,820347,EDS,42.2,NotMet,65.5,47,D
2025,820348,ALL,61.9,Met,77.8,65,C
2025,820348,EDS,62.6,Met,79.8,66,C
2025,820349,ALL,60,Met,84.8,65,C
2025,820349,BL7,44.1,Met,74.6,50,D
2025,820349,EDS,56.6,Met,84.7,62,C
2025,820350,ALL,62.8,NotMet,65.7,63,C
2025,820350,EDS,53.7,NotMet,68.4,57,C
2025,820352,ALL,71.2,Met,73.9,72,B
2025,820352,BL7,50,Met,77.3,55,C
2025,820352,EDS,62.1,Met,76.6,65,C
2025,820354,ALL,53.4,NotMet,67.2,56,C
2025,820354,BL7,38.7,Met,71.3,45,D
2025,820354,EDS,43.1,NotMet,63.7,47,D
2025,820364,ALL,58.5,Met,76.3,62,C
2025,820364,EDS,50.5,Met,78.3,56,C
2025,820370,ALL,36.9,Met,71.5,44,D
2025,820370,BL7,34.6,Met,74.6,43,D
2025,820370,EDS,34.5,NotMet,68.5,41,D
2025,820372,ALL,34.4,NotMet,50,38,F
2025,820372,BL7,29.2,NotMet,54.9,34,F
2025,820372,EDS,29.5,NotMet,50,34,F
2025,820376,ALL,42.7,NotMet,67.6,48,D
2025,820376,BL7,36.5,NotMet,68.1,43,D
2025,820376,EDS,34.5,NotMet,68.5,41,D
2025,820384,ALL,,,,43,D
2025,820384,BL7,,,,40,D
2025,820384,EDS,,,,41,D
2025,820385,ALL,41.6,NotMet,50,43,D
2025,820385,BL7,35.7,NotMet,56.8,40,D
2025,820385,EDS,38.9,NotMet,51.7,41,D
2025,820388,ALL,54.2,Met,73.9,58,C
2025,820388,BL7,28.6,Met,71.3,37,F
2025,820388,EDS,54.9,Met,74.4,59,C
2025,821304,ALL,,,,60,C
2025,821304,BL7,,,,52,D
2025,821304,EDS,,,,56,C
2025,821308,ALL,56.5,NotMet,57.9,57,C
2025,821308,BL7,47.2,NotMet,69,52,D
2025,821308,EDS,48.8,NotMet,58,51,D
2025,821316,ALL,,,,60,C
2025,821316,BL7,,,,52,D
2025,821316,EDS,,,,56,C
2025,821320,ALL,43.6,NotMet,59.3,47,D
2025,821320,BL7,32.8,NotMet,65,39,F
2025,821320,EDS,36,NotMet,58.7,41,D
2025,821330,ALL,55.2,Met,79.1,60,C
2025,821330,BL7,46.3,Met,73.5,52,D
2025,821330,EDS,51.1,Met,74.5,56,C
2025,830304,ALL,33.3,Met,75.7,42,D
2025,830304,BL7,22.4,Met,80.5,34,F
2025,830304,EDS,26,Met,77.1,36,F
2025,830328,ALL,43.4,NotMet,62,47,D
2025,830328,BL7,32,NotMet,63.1,38,F
2025,830328,EDS,39.4,NotMet,63.5,44,D
2025,830343,ALL,52.2,Exceeded,85.5,59,C
2025,830343,BL7,47.4,Exceeded,86.8,55,C
2025,830343,EDS,47.8,Exceeded,87.8,56,C
2025,830348,ALL,90.9,Exceeded,93.5,91,A
2025,830348,EDS,89.3,Exceeded,87.6,89,A
2025,830349,ALL,36.5,NotMet,60.5,41,D
2025,830349,BL7,27.4,NotMet,65,35,F
2025,830349,EDS,28.2,NotMet,60.5,35,F
2025,830352,ALL,48,Exceeded,86.7,56,C
2025,830352,BL7,38.2,Met,81.7,47,D
2025,830352,EDS,43.2,Exceeded,87.6,52,D
2025,830360,ALL,38.2,NotMet,57.1,42,D
2025,830360,BL7,30.9,NotMet,58.5,36,F
2025,830360,EDS,34.2,NotMet,58.6,39,F
2025,830364,ALL,34.6,Met,78.4,43,D
2025,830364,BL7,26.3,NotMet,69.5,35,F
2025,830364,EDS,27.3,Met,78,37,F
2025,830365,ALL,,,,43,D
2025,830365,BL7,,,,35,F
2025,830365,EDS,,,,37,F
2025,840302,ALL,49,Met,80.9,55,C
2025,840302,BL7,45.6,Met,81,53,D
2025,840302,EDS,44.9,Met,79,52,D
2025,840303,ALL,29.6,NotMet,64.8,37,F
2025,840303,BL7,19.1,NotMet,69.9,29,F
2025,840303,EDS,25.2,NotMet,63.8,33,F
2025,840304,ALL,58.3,NotMet,60.7,59,C
2025,840304,EDS,48.8,NotMet,64.6,52,D
2025,840308,ALL,74.6,Met,84.6,77,B
2025,840308,BL7,54.4,Met,78,59,C
2025,840308,EDS,68.3,Met,84.5,72,B
2025,840310,ALL,39.7,NotMet,68,45,D
2025,840310,BL7,32,Met,71.9,40,D
2025,840310,EDS,40.4,NotMet,68.2,46,D
2025,840312,ALL,55.9,NotMet,68.9,59,C
2025,840312,EDS,51.2,Met,72.1,55,C
2025,840316,ALL,24.5,NotMet,55.9,31,F
2025,840316,BL7,16,NotMet,57.7,24,F
2025,840316,EDS,19.7,NotMet,58.2,27,F
2025,840320,ALL,76.3,Exceeded,87.1,78,B
2025,840320,EDS,66,Met,84.8,70,B
2025,840324,ALL,77.8,Exceeded,92,81,B
2025,840324,EDS,76.6,Exceeded,87.9,79,B
2025,840328,ALL,55.4,Exceeded,87.2,62,C
2025,840328,BL7,35.9,Met,76.4,44,D
2025,840328,EDS,45.7,Met,80.2,53,D
2025,840332,ALL,61.2,NotMet,59.9,61,C
2025,840332,EDS,49.5,NotMet,63.1,52,D
2025,840336,ALL,58.8,NotMet,69.9,61,C
2025,840336,EDS,51,NotMet,67.4,54,D
2025,840342,ALL,77.3,Exceeded,90.3,80,B
2025,840342,EDS,66.1,Met,80.6,69,C
2025,840344,ALL,71.7,Exceeded,88.6,75,B
2025,840344,EDS,65.6,Exceeded,85.9,70,B
2025,840350,ALL,64.3,Exceeded,93.3,70,B
2025,840350,BL7,54.4,Met,84.6,60,C
2025,840350,EDS,53.5,Exceeded,89.7,61,C
2025,840356,ALL,58.7,Met,82.6,63,C
2025,840356,BL7,27.3,,,27,F
2025,840356,EDS,50.3,Met,80.5,56,C
2025,840358,ALL,49.6,Exceeded,85.1,57,C
2025,840358,BL7,28.7,Met,80.3,39,F
2025,840358,EDS,37.3,Met,82.8,46,D
2025,840360,ALL,59,Met,81.7,64,C
2025,840360,EDS,51.5,Met,83.3,58,C
2025,840361,ALL,92.1,Exceeded,87.4,91,A
2025,840362,ALL,91.1,Exceeded,91.2,91,A
2025,840366,ALL,26.9,,,27,F
2025,840368,ALL,73.4,Met,82.1,75,B
2025,840368,EDS,61.2,Met,81.3,65,C
2025,84B000,ALL,80,NotMet,66,77,B
2025,84B000,EDS,64.8,Met,72.4,66,C
2025,850304,ALL,60.5,Met,84.6,65,C
2025,850304,EDS,47.8,Met,78.4,54,D
2025,850312,ALL,48.8,Met,70,53,D
2025,850312,EDS,39.8,Met,75.7,47,D
2025,850314,ALL,71.4,Met,82.2,74,B
2025,850314,EDS,56.3,Met,82.3,62,C
2025,850316,ALL,41.2,NotMet,54.3,44,D
2025,850316,EDS,32.8,NotMet,56.9,38,F
2025,850328,ALL,53.8,Met,73.2,58,C
2025,850328,EDS,48,Met,74.9,53,D
2025,850332,ALL,65.6,NotMet,58.5,64,C
2025,850332,EDS,58.7,NotMet,63.2,60,C
2025,850338,ALL,64,Met,81.2,67,C
2025,850338,EDS,53,Met,81,59,C
2025,850340,ALL,63.8,Met,82.7,68,C
2025,850340,EDS,56.1,Met,84,62,C
2025,850342,ALL,63.2,Met,80.1,67,C
2025,850342,EDS,57.2,Met,76.4,61,C
2025,850348,ALL,50,Met,82.1,56,C
2025,850348,EDS,46.9,Met,79,53,D
2025,850350,ALL,38.1,NotMet,50,40,D
2025,850350,EDS,28.7,NotMet,53.2,34,F
2025,850352,ALL,57.3,NotMet,56.3,57,C
2025,850352,EDS,47.9,NotMet,58.7,50,D
2025,850354,ALL,38.6,NotMet,69.4,45,D
2025,850354,EDS,30.8,Met,74.2,39,F
2025,850356,ALL,54.8,Exceeded,90.8,62,C
2025,850356,EDS,44.7,Exceeded,87.1,53,D
2025,850358,ALL,71.5,Met,81.2,73,B
2025,850358,EDS,63,Met,77.2,66,C
2025,850360,ALL,85.3,Met,80.6,84,B
2025,860302,ALL,54.5,Met,83.7,60,C
2025,860302,EDS,48,Met,84.1,55,C
2025,860306,ALL,50.5,Met,73.8,55,C
2025,860306,EDS,44,Met,76.2,50,D
2025,860308,ALL,59.4,Exceeded,85.1,65,C
2025,860308,EDS,48.7,Met,83.8,56,C
2025,860312,ALL,66.2,NotMet,65.5,66,C
2025,860312,EDS,57.6,NotMet,67.7,60,C
2025,860316,ALL,73.3,Met,70,73,B
2025,860316,EDS,64.2,Met,76.6,67,C
2025,860320,ALL,44,Met,73.1,50,D
2025,860320,EDS,39.6,Met,72.9,46,D
2025,860324,ALL,57.1,NotMet,69.3,60,C
2025,860324,EDS,53,Met,72.7,57,C
2025,860326,ALL,54.4,NotMet,62.4,56,C
2025,860326,EDS,45,NotMet,69.4,50,D
2025,860330,ALL,52.3,NotMet,55.9,53,D
2025,860330,EDS,45.4,NotMet,56.5,48,D
2025,860332,ALL,69,Met,79.6,71,B
2025,860332,EDS,61.6,Met,79,65,C
2025,860336,ALL,63,NotMet,59,62,C
2025,860336,EDS,55.1,NotMet,59.2,56,C
2025,860339,ALL,71.2,Met,75.6,72,B
2025,860339,EDS,58.6,Met,79.3,63,C
2025,860340,ALL,76.7,Exceeded,91.8,80,B
2025,860340,EDS,65.2,Exceeded,88.6,70,B
2025,860344,ALL,63.5,Exceeded,90,69,C
2025,860344,EDS,54.3,Exceeded,86.7,61,C
2025,860348,ALL,82.2,Met,78.7,82,B
2025,860348,EDS,79.1,Met,81.4,80,B
2025,860352,ALL,65,NotMet,55.1,63,C
2025,860352,EDS,57.1,NotMet,57,57,C
2025,860353,ALL,63,Met,74.1,65,C
2025,860353,EDS,40.7,,,41,D
2025,860354,ALL,89.4,Met,80.4,88,A
2025,860354,EDS,89.8,Met,80.8,88,A
2025,860356,ALL,49.3,Met,82.2,56,C
2025,860356,EDS,35,Met,80.7,44,D
2025,860360,ALL,58.1,Met,71.9,61,C
2025,860360,EDS,47.7,Met,75,53,D
2025,861304,ALL,58.4,Exceeded,89.9,65,C
2025,861304,EDS,49.6,Met,83,56,C
2025,861308,ALL,78.8,Exceeded,91,81,B
2025,861308,EDS,70.3,Exceeded,91.3,75,B
2025,861312,ALL,60.1,NotMet,58.5,60,C
2025,861312,EDS,47.1,NotMet,62,50,D
2025,862308,ALL,,,,56,C
2025,862308,BL7,,,,35,F
2025,862308,EDS,,,,47,D
2025,862310,ALL,54.5,NotMet,62.2,56,C
2025,862310,BL7,28.1,NotMet,63.2,35,F
2025,862310,EDS,40.8,Met,71.1,47,D
2025,862312,ALL,69.5,NotMet,53.6,66,C
2025,862312,EDS,58.7,NotMet,55.2,58,C
2025,862316,ALL,56.2,Met,70.6,59,C
2025,862316,EDS,43.5,Met,75.9,50,D
2025,86T000,ALL,53.8,NotMet,57.3,55,C
2025,86T000,EDS,39.2,NotMet,60.3,43,D
2025,870314,ALL,64.2,NotMet,60.4,63,C
2025,870314,EDS,57.6,NotMet,64.5,59,C
2025,870318,ALL,46.1,NotMet,54,48,D
2025,870318,EDS,40.7,NotMet,56.5,44,D
2025,870320,ALL,40.2,NotMet,65.9,45,D
2025,870320,EDS,36.2,NotMet,69,43,D
2025,870324,ALL,51.9,NotMet,66.8,55,C
2025,870324,EDS,44.8,NotMet,65.7,49,D
2025,87A000,ALL,56,Met,74.8,60,C
2025,87A000,EDS,44.9,Met,74.7,51,D
2025,880304,ALL,51.2,NotMet,59.6,53,D
2025,880304,EDS,34,NotMet,59.6,39,F
2025,880308,ALL,73.1,Met,80,74,B
2025,880308,EDS,63.6,Met,72.6,65,C
2025,880312,ALL,54,NotMet,53.8,54,D
2025,880312,EDS,43.9,NotMet,58.2,47,D
2025,880318,ALL,60.3,Met,71.8,63,C
2025,880318,EDS,56.6,Met,74.6,60,C
2025,880324,ALL,65.9,NotMet,69.7,67,C
2025,880324,EDS,61.1,Met,72.2,63,C
2025,880328,ALL,62.9,Met,80.8,66,C
2025,880328,EDS,48.1,Met,78.8,54,D
2025,880330,ALL,56.1,Exceeded,87.9,62,C
2025,880330,EDS,49.6,Exceeded,85.7,57,C
2025,880336,ALL,58.5,NotMet,68.3,60,C
2025,880336,EDS,51.6,NotMet,69.9,55,C
2025,88A000,ALL,66.2,Met,73.5,68,C
2025,88A000,EDS,53.9,Met,76.1,58,C
2025,890304,ALL,53.8,NotMet,64.4,56,C
2025,890304,EDS,52,NotMet,67.1,55,C
2025,890306,ALL,41.8,Met,78.7,49,D
2025,890306,BL7,37.1,Met,76,45,D
2025,890306,EDS,36.2,Met,77.9,45,D
2025,890308,ALL,42.9,NotMet,56.3,46,D
2025,890308,BL7,39.7,NotMet,61.4,44,D
2025,890308,EDS,36.2,NotMet,57.7,41,D
2025,900302,ALL,89.5,Exceeded,85.9,89,A
2025,900302,EDS,82.5,Met,83,83,B
2025,900303,ALL,89.7,Met,76.5,87,A
2025,900304,ALL,47.7,Met,84.1,55,C
2025,900304,BL7,37.2,Met,82.9,46,D
2025,900304,EDS,44.5,Met,83.5,52,D
2025,900305,ALL,87,Met,81.2,86,A
2025,900305,EDS,70.3,Met,72.2,71,B
2025,900306,ALL,41.5,Met,83.8,50,D
2025,900306,BL7,21.6,Met,78.7,33,F
2025,900306,EDS,30.5,Met,82,41,D
2025,900307,ALL,64.9,Exceeded,93.3,71,B
2025,900307,BL7,48.3,Met,83.2,55,C
2025,900307,EDS,59.4,Exceeded,91.3,66,C
2025,900308,ALL,43.3,NotMet,58.2,46,D
2025,900308,BL7,33.9,NotMet,65.9,40,D
2025,900308,EDS,39.1,NotMet,60.6,43,D
2025,900310,ALL,84.1,Met,81.2,84,B
2025,900310,BL7,75.7,Met,75.9,76,B
2025,900310,EDS,73.7,Met,79.8,75,B
2025,900311,ALL,87.1,Exceeded,95,89,A
2025,900311,BL7,83.3,,,83,B
2025,900311,EDS,71.7,Met,81.4,74,B
2025,900312,ALL,75.4,Exceeded,85,77,B
2025,900312,EDS,62.3,Met,83.5,67,C
2025,900314,ALL,34.4,NotMet,65.7,41,D
2025,900314,BL7,23.5,NotMet,69.7,33,F
2025,900314,EDS,34.1,Met,70.2,41,D
2025,900316,ALL,53.4,NotMet,65,56,C
2025,900316,BL7,46.5,NotMet,69.7,51,D
2025,900316,EDS,49.9,NotMet,68.8,54,D
2025,900318,ALL,71.6,Met,83.1,74,B
2025,900318,EDS,51.8,Met,79.1,57,C
2025,900320,ALL,63.1,Exceeded,91.9,69,C
2025,900320,BL7,44.3,Met,83.9,52,D
2025,900320,EDS,54.5,Exceeded,85.8,61,C
2025,900328,ALL,83.6,Exceeded,85.6,84,B
2025,900328,BL7,73.2,Met,80.9,75,B
2025,900328,EDS,59.7,Met,81,64,C
2025,900332,ALL,59.2,Exceeded,86.7,65,C
2025,900332,BL7,50,Met,83.6,57,C
2025,900332,EDS,52,Exceeded,85,59,C
2025,900334,ALL,89.9,Exceeded,89.2,90,A
2025,900336,ALL,49,NotMet,58.6,51,D
2025,900336,BL7,45.3,Met,81.1,52,D
2025,900336,EDS,47.3,NotMet,66.5,51,D
2025,900340,ALL,72.3,Met,76.1,73,B
2025,900340,EDS,60.2,Met,81.5,64,C
2025,900341,ALL,61.9,Met,77.7,65,C
2025,900341,BL7,46,Met,82.1,53,D
2025,900341,EDS,51.2,Met,81.5,57,C
2025,900342,ALL,72,Exceeded,88.4,75,B
2025,900342,BL7,61.2,Exceeded,86.5,66,C
2025,900342,EDS,63.8,Exceeded,85.9,68,C
2025,900343,ALL,67.9,NotMet,57.1,66,C
2025,900343,BL7,60.3,Met,77.2,64,C
2025,900343,EDS,55.2,NotMet,61.4,56,C
2025,900344,ALL,70.1,Exceeded,92.8,75,B
2025,900344,BL7,73,Met,82.3,75,B
2025,900344,EDS,62.4,Met,84.3,67,C
2025,900346,ALL,57.9,Met,73.6,61,C
2025,900346,BL7,47.1,Met,77.2,53,D
2025,900346,EDS,46.6,Met,79.8,53,D
2025,900347,ALL,77.7,Met,80,78,B
2025,900347,BL7,53.9,Met,77.7,59,C
2025,900347,EDS,66.4,Met,80.5,69,C
2025,900348,ALL,72.2,Exceeded,86.7,75,B
2025,900348,BL7,42.2,Met,81.7,50,D
2025,900348,EDS,62.5,Met,80.3,66,C
2025,900350,ALL,63.2,Met,83.4,67,C
2025,900350,BL7,50,Exceeded,89.4,58,C
2025,900350,EDS,51.7,Met,77,57,C
2025,900351,ALL,68.9,Exceeded,86.3,72,B
2025,900351,EDS,67.4,Exceeded,85.6,71,B
2025,900352,ALL,57.7,Met,77.7,62,C
2025,900352,EDS,43.6,Met,77.2,50,D
2025,900353,ALL,92.6,Met,78.3,90,A
2025,900354,ALL,64.9,Exceeded,90.7,70,B
2025,900354,BL7,68.8,,,69,C
2025,900354,EDS,58.2,Exceeded,86,64,C
2025,900356,ALL,61.1,Met,82.5,65,C
2025,900356,BL7,44.6,Met,76.8,51,D
2025,900356,EDS,50.9,Met,82.9,57,C
2025,900358,ALL,79.3,Exceeded,93.1,82,B
2025,900358,BL7,62.9,Exceeded,85.5,67,C
2025,900358,EDS,67.3,Exceeded,90.2,72,B
2025,900360,ALL,63.9,Met,81,67,C
2025,900360,BL7,54,Met,81.8,60,C
2025,900360,EDS,53.5,Met,76,58,C
2025,900362,ALL,70.7,Exceeded,100,77,B
2025,900362,BL7,63.7,Exceeded,100,71,B
2025,900362,EDS,61.3,Exceeded,100,69,C
2025,900363,ALL,,,,65,C
2025,900363,BL7,,,,51,D
2025,900363,EDS,,,,57,C
2025,900364,ALL,67.4,Met,84.1,71,B
2025,900364,EDS,63.3,Met,84.5,68,C
2025,900366,ALL,94.1,Met,75.9,90,A
2025,900366,EDS,79.7,Met,81.5,80,B
2025,900367,ALL,94.2,Exceeded,91.4,94,A
2025,900367,EDS,87.8,Exceeded,86.2,87,A
2025,900368,ALL,74.5,Exceeded,90.5,78,B
2025,900368,EDS,64.6,Met,84.4,69,C
2025,900370,ALL,35.7,NotMet,59.6,40,D
2025,900370,BL7,28.4,NotMet,66.7,36,F
2025,900370,EDS,34.2,NotMet,63.4,40,D
2025,900372,ALL,66.3,Exceeded,91.4,71,B
2025,900372,BL7,47,Met,81.9,54,D
2025,900372,EDS,54.8,Exceeded,86.1,61,C
2025,900376,ALL,88,Exceeded,92.4,89,A
2025,900377,ALL,90,Met,83.5,89,A
2025,900377,BL7,73.6,Met,83.2,76,B
2025,900377,EDS,73.6,Met,82.2,75,B
2025,900378,ALL,90.2,Exceeded,95,91,A
2025,900378,BL7,80.2,Met,83.6,81,B
2025,900378,EDS,73.2,Exceeded,87.3,76,B
2025,900380,ALL,95,Met,84.9,93,A
2025,900380,EDS,89.4,Met,83.1,88,A
2025,900384,ALL,59.7,NotMet,59.7,60,C
2025,900384,BL7,43.3,Met,72.9,49,D
2025,900384,EDS,41.6,NotMet,63,46,D
2025,900388,ALL,63.7,Met,83.9,68,C
2025,900388,BL7,60.3,Met,80.1,64,C
2025,900388,EDS,58,Met,81.3,63,C
2025,900391,ALL,91.9,Exceeded,88.5,91,A
2025,900391,BL7,78,Met,81.2,79,B
2025,900391,EDS,74.6,Met,80.7,76,B
2025,900393,ALL,94,Exceeded,93.7,94,A
2025,900393,BL7,92.7,,,93,A
2025,900393,EDS,88.9,Met,81.5,87,A
2025,90A000,ALL,70.3,NotMet,62.6,69,C
2025,90A000,BL7,46.2,Met,70.5,51,D
2025,90A000,EDS,57.2,NotMet,59.6,58,C
2025,90B000,ALL,63,Met,77.4,66,C
2025,90B000,BL7,49.6,Met,77,55,C
2025,90B000,EDS,42.1,Met,79.8,50,D
2025,90C000,ALL,64.4,Exceeded,86.2,69,C
2025,90C000,BL7,61.6,Exceeded,87.2,67,C
2025,90C000,EDS,54.9,Met,80.2,60,C
2025,90D000,ALL,12.8,Met,80.7,26,F
2025,90D000,BL7,11.7,,,12,F
2025,90D000,EDS,4.5,,,5,F
2025,90G000,ALL,36.4,NotMet,68.7,43,D
2025,90G000,BL7,33.3,Met,75.1,42,D
2025,90G000,EDS,30.9,NotMet,65.2,38,F
2025,910304,ALL,45.8,Exceeded,86.9,54,D
2025,910304,BL7,35.6,Met,82.4,45,D
2025,910304,EDS,44.1,Exceeded,86,52,D
2025,910308,ALL,37.7,Met,82.4,47,D
2025,910308,BL7,35.7,Met,81.8,45,D
2025,910308,EDS,38.8,Met,83,48,D
2025,910311,ALL,27.6,Met,76.5,37,F
2025,910311,BL7,22,Met,73.3,32,F
2025,910311,EDS,26.9,Met,73,36,F
2025,910314,ALL,30.1,NotMet,59.1,36,F
2025,910314,BL7,25.9,NotMet,58,32,F
2025,910314,EDS,28,NotMet,58.5,34,F
2025,910316,ALL,27.8,Exceeded,89.1,40,D
2025,910316,BL7,26.4,Met,84.6,38,F
2025,910316,EDS,27,Exceeded,86,39,F
2025,910340,ALL,44,Met,75.8,50,D
2025,910340,BL7,43.8,Met,80.3,51,D
2025,910340,EDS,42.2,Met,73.9,49,D
2025,910346,ALL,41.8,Exceeded,90,51,D
2025,910346,BL7,40.2,Exceeded,87.3,50,D
2025,910346,EDS,40.4,Exceeded,88.4,50,D
2025,910356,ALL,36.9,Exceeded,85.4,47,D
2025,910356,BL7,41,Met,84.1,50,D
2025,910356,EDS,31.5,Exceeded,87.1,43,D
2025,910360,ALL,49.4,Met,81.3,56,C
2025,910360,BL7,44,Met,82.1,52,D
2025,910360,EDS,48.7,Met,80.3,55,C
2025,910369,ALL,41.9,NotMet,67.4,47,D
2025,910369,BL7,19.1,Met,79.8,31,F
2025,910369,EDS,29.9,Met,71.9,38,F
2025,910370,ALL,40.8,NotMet,55.3,44,D
2025,910370,BL7,38.7,NotMet,57.9,43,D
2025,910370,EDS,39.3,NotMet,57.1,43,D
2025,910376,ALL,43.2,Met,77.8,50,D
2025,910376,BL7,40.4,Met,78.9,48,D
2025,910376,EDS,39.8,Met,78,47,D
2025,910380,ALL,32.4,NotMet,62,38,F
2025,910380,BL7,32.6,NotMet,65.8,39,F
2025,910380,EDS,34.4,NotMet,62.3,40,D
2025,910382,ALL,88.3,Exceeded,85.5,88,A
2025,910382,BL7,88,Met,82.1,87,A
2025,910382,EDS,91.8,Met,83.5,90,A
2025,910384,ALL,65.5,Met,84.2,69,C
2025,910384,BL7,56.1,Met,82.7,61,C
2025,910384,EDS,64.8,Met,83.6,69,C
2025,91A000,ALL,72.1,NotMet,68.8,71,B
2025,91A000,BL7,60.7,Met,79.6,64,C
2025,91A000,EDS,64.4,Met,72.4,66,C
2025,91B000,ALL,78.5,Exceeded,97.1,82,B
2025,91B000,BL7,76.8,Exceeded,92.4,80,B
2025,91B000,EDS,75.5,Exceeded,94.4,79,B
2025,920302,ALL,50.4,NotMet,63.3,53,D
2025,920302,BL7,43.8,NotMet,68.8,49,D
2025,920302,EDS,49.2,NotMet,66.3,53,D
2025,920303,ALL,76.3,Met,74.9,76,B
2025,920303,BL7,55.6,Met,78.9,60,C
2025,920303,EDS,52.6,Met,81.7,58,C
2025,920304,ALL,60.1,Met,81.9,64,C
2025,920304,BL7,41.8,Met,78.5,49,D
2025,920304,EDS,40.7,Met,79.2,48,D
2025,920306,ALL,69.1,Met,72.5,70,B
2025,920306,BL7,37.3,NotMet,69.6,44,D
2025,920306,EDS,46.5,NotMet,59.7,49,D
2025,920307,ALL,74.9,Met,79.5,76,B
2025,920307,BL7,46.8,NotMet,67.6,51,D
2025,920307,EDS,42.5,NotMet,62.1,46,D
2025,920308,ALL,72.2,NotMet,61.3,70,B
2025,920308,BL7,30,Met,74.8,39,F
2025,920308,EDS,51.6,NotMet,63.4,54,D
2025,920309,ALL,80.1,Exceeded,97.9,84,B
2025,920309,BL7,54.4,Met,83.2,60,C
2025,920309,EDS,56.5,Exceeded,85.4,62,C
2025,920312,ALL,73.1,Exceeded,94.6,77,B
2025,920312,BL7,31.4,Met,81.5,41,D
2025,920312,EDS,41.1,Met,84.4,50,D
2025,920314,ALL,87.9,Exceeded,91.1,89,A
2025,920315,ALL,87.2,Exceeded,100,90,A
2025,920315,BL7,64.5,Met,84.7,69,C
2025,920315,EDS,58.2,Met,82.8,63,C
2025,920316,ALL,78.1,Met,80.7,79,B
2025,920316,BL7,57.1,Met,77.8,61,C
2025,920316,EDS,52.5,Met,74.5,57,C
2025,920317,ALL,87.8,Met,74.6,85,A
2025,920317,BL7,73,Met,80.7,75,B
2025,920317,EDS,71.9,Met,79.1,73,B
2025,920318,ALL,65.9,Exceeded,93.4,71,B
2025,920318,BL7,46.9,Met,82,54,D
2025,920318,EDS,48.5,Met,75.7,54,D
2025,920320,ALL,37.1,NotMet,60.2,42,D
2025,920320,BL7,25.4,NotMet,62.8,33,F
2025,920320,EDS,27.3,NotMet,59.7,34,F
2025,920325,ALL,58,Met,73.2,61,C
2025,920325,BL7,26.7,NotMet,69.3,35,F
2025,920325,EDS,33.9,NotMet,65.6,40,D
2025,920326,ALL,49.5,Met,70.6,54,D
2025,920326,EDS,29.5,NotMet,64.2,36,F
2025,920327,ALL,75.9,Met,84.5,78,B
2025,920327,EDS,43.3,Met,76.2,50,D
2025,920328,ALL,80.6,Met,70.3,79,B
2025,920328,BL7,50,NotMet,68.3,54,D
2025,920328,EDS,43.8,Met,71.6,49,D
2025,920329,ALL,49.9,Exceeded,89.5,58,C
2025,920329,BL7,52,Exceeded,85.5,59,C
2025,920329,EDS,46.1,Exceeded,88.5,55,C
2025,920330,ALL,86.8,Exceeded,86.2,87,A
2025,920332,ALL,50.6,Exceeded,85.5,58,C
2025,920332,BL7,43.7,Met,83.2,52,D
2025,920332,EDS,47.2,Met,84.5,55,C
2025,920334,ALL,57.2,NotMet,60.5,58,C
2025,920334,EDS,33.5,NotMet,59.5,39,F
2025,920336,ALL,48.2,Met,74.8,54,D
2025,920336,BL7,36.1,Met,75.4,44,D
2025,920336,EDS,38.2,Met,77.8,46,D
2025,920340,ALL,61.9,Met,72.6,64,C
2025,920340,EDS,35.1,Met,72.5,43,D
2025,920342,ALL,50.7,Exceeded,89.7,59,C
2025,920342,BL7,37.7,Met,84.6,47,D
2025,920342,EDS,37.9,Exceeded,85.1,47,D
2025,920344,ALL,60.6,Met,73,63,C
2025,920344,BL7,23.2,NotMet,66.4,32,F
2025,920344,EDS,39.5,NotMet,68.8,45,D
2025,920348,ALL,78.2,Exceeded,88.1,80,B
2025,920348,BL7,52.7,Met,77.8,58,C
2025,920348,EDS,50.9,Met,75.4,56,C
2025,920349,ALL,73.1,Exceeded,88.4,76,B
2025,920349,BL7,61.2,Exceeded,85,66,C
2025,920349,EDS,57.6,Met,84.8,63,C
2025,920351,ALL,74.7,Exceeded,92.4,78,B
2025,920351,BL7,54.6,Met,79,59,C
2025,920351,EDS,52.4,Met,81.8,58,C
2025,920352,ALL,37.9,NotMet,65.6,43,D
2025,920352,BL7,32.7,NotMet,66.8,40,D
2025,920352,EDS,30.9,NotMet,67,38,F
2025,920356,ALL,72.2,Exceeded,85.2,75,B
2025,920356,BL7,24.7,NotMet,59.5,32,F
2025,920356,EDS,28.1,NotMet,58.8,34,F
2025,920358,ALL,76.2,Met,80.7,77,B
2025,920358,EDS,48.1,Met,71.4,53,D
2025,920360,ALL,44.4,Met,74.1,50,D
2025,920360,BL7,27.7,Met,75.2,37,F
2025,920360,EDS,27.9,Met,72.8,37,F
2025,920362,ALL,55.5,Met,70.9,59,C
2025,920362,BL7,43.1,NotMet,69.5,48,D
2025,920362,EDS,44.2,Met,71.7,50,D
2025,920364,ALL,70.4,Met,83.6,73,B
2025,920364,EDS,50,Met,80.6,56,C
2025,920368,ALL,72.3,Exceeded,92.7,76,B
2025,920368,BL7,58.9,Exceeded,85.8,64,C
2025,920368,EDS,55.6,Exceeded,85.2,62,C
2025,920369,ALL,79.3,Exceeded,88.4,81,B
2025,920369,BL7,55.9,Met,77.7,60,C
2025,920369,EDS,53.9,Met,77.6,59,C
2025,920370,ALL,35.2,NotMet,68.2,42,D
2025,920370,BL7,31.7,NotMet,68.8,39,F
2025,920370,EDS,26.7,NotMet,66.7,35,F
2025,920376,ALL,72,Met,83.9,74,B
2025,920376,BL7,57.1,Exceeded,86,63,C
2025,920376,EDS,45.3,Met,83.3,53,D
2025,920380,ALL,71.6,Met,83.9,74,B
2025,920380,BL7,42,Met,81.4,50,D
2025,920380,EDS,46.7,Met,83.6,54,D
2025,920384,ALL,51.9,NotMet,66.7,55,C
2025,920384,BL7,45.7,NotMet,68.3,50,D
2025,920384,EDS,43.4,NotMet,66.7,48,D
2025,920386,ALL,92.3,,,92,A
2025,920388,ALL,69.5,NotMet,67.2,69,C
2025,920388,BL7,41.5,Met,73.6,48,D
2025,920388,EDS,42,Met,75,49,D
2025,920390,ALL,90.8,Exceeded,95.6,92,A
2025,920390,EDS,80.4,Exceeded,88,82,B
2025,920391,ALL,88,Exceeded,100,90,A
2025,920391,BL7,75.6,Met,79.2,76,B
2025,920391,EDS,57,Met,80.7,62,C
2025,920393,ALL,51.2,Met,79.3,57,C
2025,920393,BL7,32.6,Met,71.5,40,D
2025,920393,EDS,33.2,Met,75.5,42,D
2025,920394,ALL,50.2,NotMet,67.6,54,D
2025,920394,BL7,30.3,Met,71.6,39,F
2025,920394,EDS,28.1,NotMet,68.2,36,F
2025,920396,ALL,57.2,Exceeded,89.7,64,C
2025,920396,BL7,36.3,Met,80.2,45,D
2025,920396,EDS,30.6,Met,84.4,41,D
2025,920398,ALL,58.6,Met,81.5,63,C
2025,920398,BL7,32.4,Met,79.4,42,D
2025,920398,EDS,42,Met,79.4,49,D
2025,920399,ALL,41.8,Exceeded,85.9,51,D
2025,920399,BL7,37.8,Met,82,47,D
2025,920399,EDS,33.8,Met,83.4,44,D
2025,920400,ALL,63.1,Met,75.3,66,C
2025,920400,BL7,42.6,Met,70.2,48,D
2025,920400,EDS,37.4,NotMet,68.6,44,D
2025,920402,ALL,70.1,Met,83.1,73,B
2025,920402,BL7,44.7,Met,83.1,52,D
2025,920402,EDS,53.5,Met,80.4,59,C
2025,920403,ALL,46.1,NotMet,66.3,50,D
2025,920403,BL7,46.9,NotMet,64.8,50,D
2025,920403,EDS,42.9,NotMet,68.6,48,D
2025,920404,ALL,43.6,Met,84,52,D
2025,920404,BL7,41.2,Exceeded,85.1,50,D
2025,920404,EDS,37.3,Met,79.2,46,D
2025,920408,ALL,35.9,Exceeded,86.6,46,D
2025,920408,BL7,36.2,Met,81.5,45,D
2025,920408,EDS,30.4,Exceeded,85.8,41,D
2025,920410,ALL,34.5,NotMet,57.7,39,F
2025,920410,BL7,34.2,NotMet,63.8,40,D
2025,920410,EDS,29.2,NotMet,59.2,35,F
2025,920411,ALL,54.2,NotMet,62.6,56,C
2025,920411,BL7,53.3,Met,71.8,57,C
2025,920411,EDS,48.1,NotMet,60,50,D
2025,920412,ALL,80.1,Exceeded,85.2,81,B
2025,920412,BL7,55.7,Met,83.5,61,C
2025,920412,EDS,47.2,Met,81.7,54,D
2025,920413,ALL,48,Met,70.8,53,D
2025,920413,BL7,43.5,NotMet,68,48,D
2025,920413,EDS,40.5,Met,72.5,47,D
2025,920414,ALL,76.9,Met,84.6,78,B
2025,920414,EDS,50.5,Met,84.4,57,C
2025,920415,ALL,42.4,Met,83.3,51,D
2025,920415,BL7,28.6,Met,75.5,38,F
2025,920415,EDS,37,Met,82.2,46,D
2025,920416,ALL,70.6,Exceeded,86,74,B
2025,920416,BL7,30.4,Met,82,41,D
2025,920416,EDS,21.8,Met,79.1,33,F
2025,920417,ALL,48.7,NotMet,59.5,51,D
2025,920417,BL7,26.3,NotMet,57.9,33,F
2025,920417,EDS,31.8,NotMet,59.7,37,F
2025,920420,ALL,65.5,NotMet,66.3,66,C
2025,920420,BL7,36.3,Met,73.5,44,D
2025,920420,EDS,45.9,Met,74.3,52,D
2025,920424,ALL,65.3,NotMet,66.4,66,C
2025,920424,BL7,43.2,Met,75.9,50,D
2025,920424,EDS,45,NotMet,67.3,49,D
2025,920428,ALL,73.2,Met,79.2,74,B
2025,920428,BL7,58.8,NotMet,69.4,61,C
2025,920428,EDS,53.2,Met,71.9,57,C
2025,920435,ALL,64.2,Exceeded,88.2,69,C
2025,920435,BL7,47.1,Met,82.5,54,D
2025,920435,EDS,40,Met,83.3,49,D
2025,920436,ALL,57.1,Met,83.4,62,C
2025,920436,BL7,50.5,Met,81.7,57,C
2025,920436,EDS,47.3,Met,82.6,54,D
2025,920437,ALL,94.2,Exceeded,93.2,94,A
2025,920437,BL7,80.9,,,81,B
2025,920437,EDS,77.8,Met,80.5,78,B
2025,920439,ALL,85.7,Exceeded,86,86,A
2025,920439,EDS,61.4,Met,83,66,C
2025,920440,ALL,58.3,Exceeded,85.1,64,C
2025,920440,BL7,43.2,Met,80.2,51,D
2025,920440,EDS,44.1,Met,83.7,52,D
2025,920441,ALL,87.7,Exceeded,89.5,88,A
2025,920441,BL7,64.5,Met,81.8,68,C
2025,920441,EDS,70.5,Met,80.2,72,B
2025,920442,ALL,64.8,Met,84.6,69,C
2025,920442,BL7,39.1,Met,72.3,46,D
2025,920442,EDS,43.1,Met,74.8,49,D
2025,920443,ALL,89,NotMet,60.8,83,B
2025,920444,ALL,78.6,NotMet,67.4,76,B
2025,920444,BL7,54.3,Met,80.3,60,C
2025,920444,EDS,52.7,Met,82.5,59,C
2025,920445,ALL,75.8,Met,75.3,76,B
2025,920445,BL7,66.3,Met,71.4,67,C
2025,920445,EDS,54.3,NotMet,60,55,C
2025,920446,ALL,45.1,Met,79.5,52,D
2025,920446,BL7,37.3,Met,78.2,45,D
2025,920446,EDS,29.5,Met,75.7,39,F
2025,920447,ALL,83.1,NotMet,68.8,80,B
2025,920447,BL7,68.2,Met,80.3,71,B
2025,920447,EDS,68.5,Met,72.3,69,C
2025,920448,ALL,75.2,Met,75.4,75,B
2025,920448,BL7,35.6,NotMet,64.8,41,D
2025,920448,EDS,33.8,NotMet,62.7,40,D
2025,920449,ALL,80.8,Met,72,79,B
2025,920449,BL7,45.8,NotMet,69.8,51,D
2025,920449,EDS,53.6,NotMet,67.5,56,C
2025,920450,ALL,70.8,Met,75.5,72,B
2025,920450,BL7,42.4,Met,76.5,49,D
2025,920450,EDS,39.6,Met,71.7,46,D
2025,920451,ALL,55,NotMet,59,56,C
2025,920451,BL7,46.4,NotMet,60.5,49,D
2025,920451,EDS,46.5,NotMet,62.6,50,D
2025,920452,ALL,81.2,Exceeded,88.2,83,B
2025,920452,BL7,56.7,Met,82.1,62,C
2025,920452,EDS,47.8,Met,77.7,54,D
2025,920453,ALL,81.9,Met,82.3,82,B
2025,920453,BL7,71.4,Exceeded,86.1,74,B
2025,920453,EDS,58.9,Met,80.1,63,C
2025,920454,ALL,73.6,Met,84.3,76,B
2025,920454,BL7,44.3,Met,83.8,52,D
2025,920454,EDS,50.5,Met,84.1,57,C
2025,920455,ALL,84.9,Met,84.3,85,A
2025,920455,BL7,65.5,Met,73.9,67,C
2025,920455,EDS,63.4,Met,71.7,65,C
2025,920456,ALL,65.6,NotMet,58.9,64,C
2025,920456,BL7,29.1,Met,70.8,37,F
2025,920456,EDS,31.2,NotMet,61.8,37,F
2025,920457,ALL,83.5,NotMet,63.5,80,B
2025,920457,BL7,72.9,NotMet,69.3,72,B
2025,920457,EDS,60.5,Met,71.8,63,C
2025,920458,ALL,75.7,Exceeded,86.9,78,B
2025,920458,BL7,55.4,Met,81.6,61,C
2025,920458,EDS,54.4,Met,80.3,60,C
2025,920459,ALL,89.4,Exceeded,88.9,89,A
2025,920459,BL7,70,Met,80.1,72,B
2025,920459,EDS,78.4,Met,79.1,79,B
2025,920460,ALL,66,Exceeded,92.7,71,B
2025,920460,EDS,40.4,Exceeded,86.2,50,D
2025,920464,ALL,43,NotMet,63,47,D
2025,920464,BL7,41.2,NotMet,65.5,46,D
2025,920464,EDS,36.3,NotMet,67.1,42,D
2025,920466,ALL,51.8,Met,76.8,57,C
2025,920466,BL7,52.4,Met,80,58,C
2025,920466,EDS,45.8,Met,77.7,52,D
2025,920467,ALL,77.2,Met,79.6,78,B
2025,920467,EDS,45.6,Met,80.5,53,D
2025,920468,ALL,76.3,Exceeded,88.3,79,B
2025,920468,BL7,16.3,Met,78.5,29,F
2025,920468,EDS,31.9,Met,75.2,41,D
2025,920469,ALL,82.5,Met,77,81,B
2025,920469,BL7,53.4,Met,79.8,59,C
2025,920469,EDS,52.4,Met,84.7,59,C
2025,920470,ALL,59.3,Met,80.1,63,C
2025,920470,BL7,35.9,Met,76.8,44,D
2025,920470,EDS,40.5,Met,79.2,48,D
2025,920471,ALL,74,Exceeded,99.7,79,B
2025,920471,BL7,50.3,Exceeded,90.2,58,C
2025,920471,EDS,47.9,Exceeded,90.1,56,C
2025,920472,ALL,66.2,NotMet,57.4,64,C
2025,920472,BL7,38.6,NotMet,56.3,42,D
2025,920472,EDS,29.8,NotMet,55.5,35,F
2025,920473,ALL,78.8,Met,76.4,78,B
2025,920473,BL7,56.3,NotMet,69.6,59,C
2025,920473,EDS,54.9,NotMet,68.1,58,C
2025,920474,ALL,52.4,NotMet,65.4,55,C
2025,920474,BL7,46.1,NotMet,67.8,50,D
2025,920474,EDS,42.4,NotMet,66.5,47,D
2025,920476,ALL,67.5,NotMet,65,67,C
2025,920476,BL7,35,Met,78.8,44,D
2025,920476,EDS,46.4,Met,71.3,51,D
2025,920480,ALL,49.5,Met,84.2,56,C
2025,920480,BL7,45.6,Met,81.3,53,D
2025,920480,EDS,39.4,Met,82,48,D
2025,920484,ALL,62,NotMet,67.6,63,C
2025,920484,BL7,29.9,Met,72.1,38,F
2025,920484,EDS,26.5,NotMet,59.9,33,F
2025,920488,ALL,57.4,NotMet,59.5,58,C
2025,920488,BL7,30,Met,72.8,39,F
2025,920488,EDS,40.3,NotMet,65.5,45,D
2025,920492,ALL,71.7,NotMet,67.2,71,B
2025,920492,BL7,36,Met,80.1,45,D
2025,920492,EDS,31.6,NotMet,59.2,37,F
2025,920494,ALL,69.6,Met,73.4,70,B
2025,920494,BL7,47.1,,,47,D
2025,920494,EDS,42.1,NotMet,66.7,47,D
2025,920495,ALL,76.3,Exceeded,85.2,78,B
2025,920495,BL7,58.4,Met,81,63,C
2025,920495,EDS,49.7,Met,70.8,54,D
2025,920496,ALL,47.5,Met,83.7,55,C
2025,920496,BL7,46.2,Exceeded,85.8,54,D
2025,920496,EDS,40.3,Met,82.8,49,D
2025,920500,ALL,73,Exceeded,92.8,77,B
2025,920500,BL7,58.9,Met,84.9,64,C
2025,920500,EDS,52.5,Exceeded,86.5,59,C
2025,920501,ALL,88.6,Exceeded,93.8,90,A
2025,920501,EDS,64.9,Exceeded,88.6,70,B
2025,920502,ALL,92.7,Exceeded,100,94,A
2025,920502,BL7,78.6,Exceeded,88.4,81,B
2025,920502,EDS,70.7,Exceeded,93.2,75,B
2025,920504,ALL,84.3,Exceeded,89,85,A
2025,920504,EDS,48.5,Met,83,55,C
2025,920506,ALL,73.3,NotMet,58.8,70,B
2025,920506,BL7,52.8,NotMet,64.8,55,C
2025,920506,EDS,43.3,NotMet,60.1,47,D
2025,920512,ALL,41.5,NotMet,53.2,44,D
2025,920512,BL7,32.1,NotMet,58.3,37,F
2025,920512,EDS,30.3,NotMet,57.5,36,F
2025,920514,ALL,64.4,Exceeded,89.5,69,C
2025,920514,BL7,51.6,Met,83.2,58,C
2025,920514,EDS,38.9,Met,83.5,48,D
2025,920516,ALL,70.4,Met,81,73,B
2025,920516,BL7,45.2,Met,79.9,52,D
2025,920516,EDS,43,Met,80,50,D
2025,920518,ALL,86.8,Exceeded,90.7,88,A
2025,920518,BL7,82.2,Exceeded,86.6,83,B
2025,920518,EDS,80.9,Exceeded,86,82,B
2025,920520,ALL,69.7,Exceeded,89.7,74,B
2025,920520,BL7,36.8,Met,77.2,45,D
2025,920520,EDS,49.4,Met,83.2,56,C
2025,920521,ALL,82.4,Exceeded,91,84,B
2025,920521,EDS,57.4,Met,72.5,60,C
2025,920522,ALL,66.3,Met,81.4,69,C
2025,920522,BL7,29.3,Met,73.4,38,F
2025,920522,EDS,28.9,NotMet,67.7,37,F
2025,920523,ALL,85.8,Met,78.8,84,B
2025,920523,EDS,70,Met,83.1,73,B
2025,920524,ALL,71.6,Met,84.7,74,B
2025,920524,EDS,39.5,Met,82.8,48,D
2025,920525,ALL,72.8,Met,75.7,73,B
2025,920525,BL7,55.4,Met,77.7,60,C
2025,920525,EDS,37.2,NotMet,68.2,43,D
2025,920526,ALL,86.6,Exceeded,93.7,88,A
2025,920526,BL7,67,Exceeded,85.3,71,B
2025,920526,EDS,70.1,Met,83.1,73,B
2025,920527,ALL,81.7,Met,82.4,82,B
2025,920527,BL7,64.3,Met,71.1,66,C
2025,920527,EDS,62.2,Met,80.6,66,C
2025,920529,ALL,70.2,Met,74.9,71,B
2025,920529,BL7,43.7,Met,76.2,50,D
2025,920529,EDS,42.9,NotMet,69.9,48,D
2025,920530,ALL,62.7,NotMet,66.6,63,C
2025,920530,BL7,34.2,NotMet,69,41,D
2025,920530,EDS,27.1,Met,74.8,37,F
2025,920531,ALL,80.1,NotMet,69.8,78,B
2025,920531,EDS,53,NotMet,65.2,55,C
2025,920532,ALL,62,NotMet,67.9,63,C
2025,920532,BL7,60,NotMet,67.3,61,C
2025,920532,EDS,33,NotMet,66.5,40,D
2025,920533,ALL,65.5,Met,78.1,68,C
2025,920533,BL7,36.9,Met,71.9,44,D
2025,920533,EDS,38,NotMet,66.8,44,D
2025,920536,ALL,56.5,Met,70.5,59,C
2025,920536,BL7,46.9,Met,71.9,52,D
2025,920536,EDS,37.1,NotMet,67,43,D
2025,920540,ALL,64.5,Met,75.2,67,C
2025,920540,BL7,47.6,Met,73.2,53,D
2025,920540,EDS,53.4,Met,78.8,58,C
2025,920542,ALL,60.2,Met,80.3,64,C
2025,920542,BL7,50.6,Met,70.8,55,C
2025,920542,EDS,50.9,Met,77.7,56,C
2025,920543,ALL,71.8,Met,78.5,73,B
2025,920543,BL7,54.7,Met,72.7,58,C
2025,920543,EDS,58.7,Met,72,61,C
2025,920544,ALL,65.4,Exceeded,87.4,70,B
2025,920544,BL7,66.4,Exceeded,86.2,70,B
2025,920544,EDS,50.6,Met,82.6,57,C
2025,920545,ALL,61.4,Met,80.9,65,C
2025,920545,BL7,52.3,Met,75,57,C
2025,920545,EDS,47.7,Met,72.8,53,D
2025,920546,ALL,59.1,NotMet,67.9,61,C
2025,920546,BL7,57.2,Met,72,60,C
2025,920546,EDS,48,NotMet,59.6,50,D
2025,920547,ALL,39.4,Met,84.9,49,D
2025,920547,BL7,39.7,Met,82.7,48,D
2025,920547,EDS,37,Met,80.3,46,D
2025,920548,ALL,70.9,Met,80.5,73,B
2025,920548,BL7,23.3,Met,72.9,33,F
2025,920548,EDS,25,NotMet,69.3,34,F
2025,920549,ALL,31.6,NotMet,56.8,37,F
2025,920549,BL7,31.7,NotMet,58.8,37,F
2025,920549,EDS,29.1,NotMet,58.7,35,F
2025,920550,ALL,72.4,Met,84.2,75,B
2025,920550,EDS,35,Met,71.4,42,D
2025,920551,ALL,78.4,Exceeded,93.8,81,B
2025,920551,BL7,48.6,Met,81.3,55,C
2025,920551,EDS,50.3,Exceeded,85,57,C
2025,920552,ALL,60.6,NotMet,65.6,62,C
2025,920552,BL7,41.7,NotMet,64.1,46,D
2025,920552,EDS,41.3,NotMet,65.1,46,D
2025,920554,ALL,66.5,Exceeded,85.1,70,B
2025,920554,BL7,55.3,Met,80.4,60,C
2025,920554,EDS,49,Exceeded,86.5,57,C
2025,920557,ALL,85.9,Met,75.6,84,B
2025,920557,EDS,64.1,Met,74.4,66,C
2025,920559,ALL,66.6,Met,71.2,68,C
2025,920559,BL7,46.1,Met,75.3,52,D
2025,920559,EDS,44.2,NotMet,63.7,48,D
2025,920560,ALL,41.7,NotMet,52.9,44,D
2025,920560,BL7,31.4,NotMet,59.3,37,F
2025,920560,EDS,27.7,NotMet,54.9,33,F
2025,920561,ALL,62,Exceeded,97.2,69,C
2025,920561,BL7,58.3,Exceeded,91.8,65,C
2025,920561,EDS,56.2,Exceeded,94.8,64,C
2025,920562,ALL,47.4,NotMet,59.1,50,D
2025,920562,BL7,45.3,NotMet,62,49,D
2025,920562,EDS,42.3,NotMet,59.7,46,D
2025,920563,ALL,36,Met,80.1,45,D
2025,920563,BL7,35.7,Met,72.3,43,D
2025,920563,EDS,33,Met,80,42,D
2025,920564,ALL,70.7,NotMet,63.9,69,C
2025,920564,BL7,48.8,NotMet,64.4,52,D
2025,920564,EDS,50,NotMet,68.1,54,D
2025,920568,ALL,68.2,Met,76.6,70,B
2025,920568,EDS,44.7,Met,75.1,51,D
2025,920569,ALL,77,Met,82.9,78,B
2025,920569,BL7,34.8,NotMet,67.7,41,D
2025,920569,EDS,50.2,Met,76.3,55,C
2025,920570,ALL,49.9,Met,77.7,55,C
2025,920570,BL7,32.3,Met,79.6,42,D
2025,920570,EDS,38.9,Met,77.6,47,D
2025,920571,ALL,73.6,Exceeded,85.4,76,B
2025,920571,BL7,48.6,Met,82,55,C
2025,920571,EDS,49.3,Met,82.7,56,C
2025,920572,ALL,73.5,Met,73.5,74,B
2025,920572,BL7,40.3,Met,76.4,48,D
2025,920572,EDS,34.5,Met,73.4,42,D
2025,920576,ALL,64.3,NotMet,67.9,65,C
2025,920576,EDS,42.6,Met,75.9,49,D
2025,920580,ALL,61.9,Exceeded,91.4,68,C
2025,920580,BL7,52.7,Met,83.5,59,C
2025,920580,EDS,54.6,Exceeded,85.5,61,C
2025,920581,ALL,81.8,Met,82.4,82,B
2025,920581,BL7,77.6,Met,78.9,78,B
2025,920581,EDS,77.7,Met,81.9,79,B
2025,920582,ALL,98,Exceeded,90.3,96,A
2025,920582,EDS,98,Exceeded,86.4,96,A
2025,920583,ALL,94.5,Exceeded,95.8,95,A
2025,920583,BL7,95.2,Exceeded,87.7,94,A
2025,920583,EDS,93.5,Exceeded,93,93,A
2025,920584,ALL,57.8,Met,75.2,61,C
2025,920584,BL7,30.4,Met,76.2,40,D
2025,920584,EDS,43.8,Met,77.1,50,D
2025,920585,ALL,92.1,Exceeded,93,92,A
2025,920585,BL7,89.9,Exceeded,88.1,90,A
2025,920585,EDS,85.8,Met,84.2,85,A
2025,920586,ALL,91.2,Exceeded,88.2,91,A
2025,920586,BL7,92.7,Exceeded,85.5,91,A
2025,920586,EDS,86.4,Exceeded,87.4,87,A
2025,920587,ALL,98.1,Exceeded,88.3,96,A
2025,920588,ALL,73.1,Met,80.7,75,B
2025,920588,BL7,54.8,Met,80.9,60,C
2025,920588,EDS,52.7,Met,76.9,58,C
2025,920592,ALL,46.4,NotMet,52,48,D
2025,920592,BL7,32.3,NotMet,55,37,F
2025,920592,EDS,33.6,NotMet,56.6,38,F
2025,920593,ALL,57.5,Met,81.7,62,C
2025,920593,BL7,44.1,Met,73.6,50,D
2025,920593,EDS,42,Met,80.8,50,D
2025,920594,ALL,64.6,Met,76.6,67,C
2025,920594,BL7,39.4,NotMet,69.6,45,D
2025,920594,EDS,37.5,NotMet,68.5,44,D
2025,920595,ALL,70.8,Exceeded,90.8,75,B
2025,920595,BL7,57,Exceeded,88.3,63,C
2025,920595,EDS,52.1,Met,82.8,58,C
2025,920596,ALL,70.4,Met,72.7,71,B
2025,920596,BL7,32,NotMet,69,39,F
2025,920596,EDS,28.4,NotMet,66.5,36,F
2025,920597,ALL,58.8,Met,84.7,64,C
2025,920597,BL7,57.3,Met,75.8,61,C
2025,920597,EDS,54.2,Met,80,59,C
2025,920598,ALL,74.6,Exceeded,92.9,78,B
2025,920598,EDS,44.3,Exceeded,85.7,53,D
2025,920599,ALL,37.4,NotMet,67.6,43,D
2025,920599,BL7,36.5,Met,72.4,44,D
2025,920599,EDS,34.2,NotMet,62.8,40,D
2025,920600,ALL,45.1,Met,71.3,50,D
2025,920600,BL7,27.4,NotMet,68.7,36,F
2025,920600,EDS,34.4,Met,75.4,43,D
2025,920601,ALL,39.3,NotMet,62.4,44,D
2025,920601,BL7,36.9,NotMet,66.3,43,D
2025,920601,EDS,32.8,NotMet,66.5,40,D
2025,920604,ALL,75.2,Exceeded,99.3,80,B
2025,920604,BL7,52.8,Met,84.2,59,C
2025,920604,EDS,49.1,Exceeded,89.3,57,C
2025,920606,ALL,67.2,Met,84.4,71,B
2025,920606,EDS,42.5,Met,78.3,50,D
2025,920607,ALL,59.7,Exceeded,92.1,66,C
2025,920607,BL7,36.5,Met,75.2,44,D
2025,920607,EDS,31.9,Met,78.2,41,D
2025,920608,ALL,65.8,NotMet,64.5,66,C
2025,920608,BL7,44.3,Met,77.7,51,D
2025,920608,EDS,33.4,NotMet,69.7,41,D
2025,920614,ALL,96,Met,75.8,92,A
2025,920616,ALL,37.3,NotMet,68.4,44,D
2025,920616,BL7,30.1,NotMet,68.1,38,F
2025,920616,EDS,36.5,NotMet,69.8,43,D
2025,920618,ALL,41.1,NotMet,69.4,47,D
2025,920618,BL7,34.9,NotMet,68.5,42,D
2025,920618,EDS,33.6,NotMet,69.7,41,D
2025,920620,ALL,61.1,NotMet,66.8,62,C
2025,920620,BL7,33,NotMet,63.9,39,F
2025,920620,EDS,30.6,NotMet,61.1,37,F
2025,920623,ALL,79.6,Met,84.5,81,B
2025,920623,EDS,60.8,Met,83.2,65,C
2025,920624,ALL,74.4,Met,74.7,74,B
2025,920624,BL7,56.3,Met,73,60,C
2025,920624,EDS,54.2,NotMet,69.4,57,C
2025,920625,ALL,72.2,Met,77.4,73,B
2025,920625,BL7,59.4,Met,77,63,C
2025,920625,EDS,53.5,Met,78.8,59,C
2025,920626,ALL,59.9,Met,82.3,64,C
2025,920626,BL7,47.2,Met,76.8,53,D
2025,920626,EDS,44.1,Met,80.1,51,D
2025,920628,ALL,62.6,Met,72.5,65,C
2025,920628,BL7,29.2,Met,72.4,38,F
2025,920628,EDS,39.7,NotMet,68.3,45,D
2025,920632,ALL,41.4,NotMet,58.4,45,D
2025,920632,BL7,37.2,NotMet,59.8,42,D
2025,920632,EDS,32.8,NotMet,59.6,38,F
2025,920636,ALL,43.2,NotMet,66.3,48,D
2025,920636,BL7,37.6,NotMet,68.7,44,D
2025,920636,EDS,35.2,NotMet,58.7,40,D
2025,92B000,ALL,65.5,Exceeded,89,70,B
2025,92B000,BL7,39.5,Exceeded,85,49,D
2025,92B000,EDS,48.9,Met,81.8,55,C
2025,92D000,ALL,90.6,Met,81,89,A
2025,92E000,ALL,71,Met,77.5,72,B
2025,92E000,EDS,44.3,Met,76.2,51,D
2025,92F000,ALL,83.8,Exceeded,88.6,85,A
2025,92F000,BL7,74.5,Met,83.9,76,B
2025,92F000,EDS,77,Met,79.1,77,B
2025,92G000,ALL,69.4,Met,83.5,72,B
2025,92G000,BL7,58.1,Met,78.5,62,C
2025,92G000,EDS,57.7,Met,79.3,62,C
2025,92K000,ALL,94.7,Exceeded,92,94,A
2025,92M000,ALL,41.8,NotMet,68.9,47,D
2025,92M000,BL7,40.3,NotMet,68.6,46,D
2025,92M000,EDS,39.2,NotMet,67.7,45,D
2025,92N000,ALL,95.7,Met,70.5,91,A
2025,92P000,ALL,55.7,NotMet,64.4,57,C
2025,92P000,BL7,38,,,38,F
2025,92P000,EDS,39.3,NotMet,68.8,45,D
2025,92R000,ALL,52.2,Met,77.1,57,C
2025,92R000,BL7,47.7,Met,75.7,53,D
2025,92R000,EDS,40.4,Met,71.9,47,D
2025,92S000,ALL,84.8,Met,81.6,84,B
2025,92S000,BL7,79.4,Met,78.7,79,B
2025,92S000,EDS,78,Met,82.9,79,B
2025,92T000,ALL,91.8,Exceeded,98.7,93,A
2025,92T000,BL7,84,Exceeded,89,85,A
2025,92T000,EDS,80.2,Exceeded,88,82,B
2025,92U000,ALL,76.8,Met,78,77,B
2025,92U000,BL7,38,Met,73.3,45,D
2025,92U000,EDS,50,Met,72.9,55,C
2025,92V000,ALL,56.6,Exceeded,86.4,63,C
2025,92V000,BL7,51.1,Met,82.7,57,C
2025,92V000,EDS,47.8,Met,78.2,54,D
2025,92W000,ALL,66.9,Exceeded,93.9,72,B
2025,92W000,BL7,52.4,Exceeded,88.6,60,C
2025,92W000,EDS,59,Exceeded,92,66,C
2025,92Y000,ALL,85.6,Exceeded,94.9,87,A
2025,92Y000,BL7,68.8,Exceeded,87,72,B
2025,92Y000,EDS,72.5,Exceeded,88.3,76,B
2025,930330,ALL,23.8,NotMet,59.5,31,F
2025,930330,BL7,25,NotMet,63.9,33,F
2025,930330,EDS,23,NotMet,59.7,30,F
2025,930340,ALL,31.1,NotMet,58.7,37,F
2025,930340,BL7,28.4,NotMet,62.8,35,F
2025,930340,EDS,26,NotMet,58.7,33,F
2025,930348,ALL,47.8,Met,83.1,55,C
2025,930348,EDS,42.6,Exceeded,85,51,D
2025,930352,ALL,51.1,NotMet,65.9,54,D
2025,930352,BL7,49.6,NotMet,68.1,53,D
2025,930352,EDS,50.1,Met,70,54,D
2025,930354,ALL,26.8,NotMet,68,35,F
2025,930354,BL7,23.5,Met,70.8,33,F
2025,930354,EDS,23.7,NotMet,67.1,32,F
2025,930360,ALL,69.3,Exceeded,91.1,74,B
2025,930360,BL7,73.7,Exceeded,88.4,77,B
2025,930360,EDS,77.5,Exceeded,89.4,80,B
2025,93A000,ALL,25.5,Met,78.9,36,F
2025,93A000,EDS,21.9,Met,81,34,F
2025,93J000,ALL,51.2,Exceeded,86.7,58,C
2025,93J000,BL7,51.5,Exceeded,85,58,C
2025,93J000,EDS,48.3,Exceeded,86.6,56,C
2025,93M000,ALL,79.9,Met,79.9,80,B
2025,93M000,BL7,59.4,,,59,C
2025,93M000,EDS,59.6,Met,81.5,64,C
2025,93N000,ALL,78,Exceeded,88.2,80,B
2025,93N000,BL7,77.5,Met,81.7,78,B
2025,93N000,EDS,60.3,Met,84.5,65,C
2025,93N310,ALL,24.3,NotMet,50,29,F
2025,93N310,BL7,18.4,NotMet,50,25,F
2025,93N310,EDS,20,NotMet,50,26,F
2025,93P000,ALL,50.2,Met,80.7,56,C
2025,93P000,BL7,43.9,Met,74.8,50,D
2025,93P000,EDS,42.6,Met,76.8,49,D
2025,93Q000,ALL,62.5,Met,71.8,64,C
2025,93Q000,BL7,41.3,Met,81.1,49,D
2025,93Q000,EDS,48.6,Met,81.1,55,C
2025,93R000,ALL,42.7,NotMet,54.6,45,D
2025,93R000,BL7,31.9,,,32,F
2025,93R000,EDS,31.7,NotMet,57.5,37,F
2025,93T000,ALL,48,Exceeded,88.1,56,C
2025,93T000,BL7,38.1,Met,84,47,D
2025,93T000,EDS,44.6,Met,82.6,52,D
2025,93V000,ALL,72.2,Met,84.9,75,B
2025,93V000,BL7,69.9,Met,83.4,73,B
2025,93V000,EDS,66.2,Met,84.8,70,B
2025,93Y000,ALL,90.5,Exceeded,96.9,92,A
2025,93Y000,BL7,82.3,Met,83.7,83,B
2025,93Y000,EDS,85.6,Exceeded,85.3,86,A
2025,940314,ALL,39.8,NotMet,58.8,44,D
2025,940314,BL7,38,NotMet,58,42,D
2025,940314,EDS,39.3,NotMet,59,43,D
2025,940316,ALL,35.6,NotMet,65.7,42,D
2025,940316,BL7,34,Met,71.7,42,D
2025,940316,EDS,36.6,NotMet,69.5,43,D
2025,940330,ALL,91.3,,,91,A
2025,940330,BL7,90,,,90,A
2025,94A000,ALL,56.8,Met,80.8,62,C
2025,94A000,EDS,46.2,Met,80.4,53,D
2025,94Z000,ALL,64.8,Met,77.5,67,C
2025,950308,ALL,59.1,Exceeded,85.9,64,C
2025,950308,EDS,50,,,50,D
2025,950312,ALL,78.1,Met,81,79,B
2025,950312,EDS,57.4,Met,78.5,62,C
2025,950316,ALL,65.7,Met,72.7,67,C
2025,950316,EDS,46,Met,78.5,53,D
2025,950320,ALL,57.3,Met,77.6,61,C
2025,950320,EDS,42.7,Met,77.8,50,D
2025,950322,ALL,67.3,Met,81.1,70,B
2025,950322,EDS,49,Met,71.9,54,D
2025,950324,ALL,55.8,Met,81.2,61,C
2025,950324,EDS,54,Exceeded,85.2,60,C
2025,950328,ALL,72.4,Exceeded,85.3,75,B
2025,950328,EDS,50.5,Met,75.1,55,C
2025,950332,ALL,67.3,NotMet,69.9,68,C
2025,950332,EDS,48.8,Met,77.5,55,C
2025,950334,ALL,64.4,,,64,C
2025,950336,ALL,76.5,Exceeded,88.4,79,B
2025,950336,EDS,59.3,Met,82,64,C
2025,950338,ALL,67.1,NotMet,69,67,C
2025,950338,EDS,43.3,NotMet,69.7,49,D
2025,95A000,ALL,61.8,Met,80,65,C
2025,95A000,EDS,46.8,,,47,D
2025,960312,ALL,33.5,Met,80.4,43,D
2025,960312,BL7,32.1,Met,77.5,41,D
2025,960312,EDS,31.8,Met,80,41,D
2025,960314,ALL,41.1,Met,80.9,49,D
2025,960314,BL7,31.1,Met,75.8,40,D
2025,960314,EDS,38.7,Met,74.3,46,D
2025,960316,ALL,57.9,Exceeded,87.4,64,C
2025,960316,BL7,45.7,Exceeded,86.7,54,D
2025,960316,EDS,54.8,Exceeded,86.1,61,C
2025,960318,ALL,29.6,NotMet,62.1,36,F
2025,960318,BL7,24.8,NotMet,62.1,32,F
2025,960318,EDS,27.4,NotMet,61.8,34,F
2025,960324,ALL,66.2,Exceeded,93.9,72,B
2025,960324,BL7,54.8,Exceeded,90.8,62,C
2025,960324,EDS,56.3,Exceeded,92.7,64,C
2025,960326,ALL,24.8,Exceeded,88.2,37,F
2025,960326,BL7,20.7,Exceeded,86.1,34,F
2025,960326,EDS,23.7,Exceeded,86.2,36,F
2025,960329,ALL,40.9,NotMet,66.6,46,D
2025,960329,BL7,33.6,NotMet,60.3,39,F
2025,960329,EDS,40.5,Met,71.2,47,D
2025,960330,ALL,58.7,Exceeded,96.3,66,C
2025,960330,BL7,56.4,Exceeded,96,64,C
2025,960330,EDS,54.9,Exceeded,95.7,63,C
2025,960331,ALL,47,Exceeded,100,58,C
2025,960331,BL7,45,Exceeded,100,56,C
2025,960331,EDS,44.9,Exceeded,100,56,C
2025,960334,ALL,52.1,Met,75.2,57,C
2025,960334,BL7,40.2,Exceeded,85.3,49,D
2025,960334,EDS,44.3,Met,79.4,51,D
2025,960335,ALL,43.8,Met,82.2,51,D
2025,960335,BL7,44.9,Met,84.2,53,D
2025,960335,EDS,43.7,Met,83.1,52,D
2025,960336,ALL,67.6,Exceeded,89,72,B
2025,960336,EDS,61.3,Exceeded,90.3,67,C
2025,960338,ALL,48,NotMet,58.2,50,D
2025,960338,BL7,41.1,Met,79.2,49,D
2025,960338,EDS,42.1,NotMet,58.7,45,D
2025,960340,ALL,50.2,Met,84.6,57,C
2025,960340,BL7,46.1,Met,81.3,53,D
2025,960340,EDS,45.6,Met,80.9,53,D
2025,960344,ALL,62.1,NotMet,68.9,63,C
2025,960344,BL7,56,Met,70,59,C
2025,960344,EDS,57.3,Met,72.4,60,C
2025,960348,ALL,40.7,Exceeded,94.4,51,D
2025,960348,BL7,27.8,Exceeded,90.5,40,D
2025,960348,EDS,36.8,Exceeded,90,47,D
2025,960360,ALL,55.9,Exceeded,89.9,63,C
2025,960360,BL7,45.5,Exceeded,85.7,54,D
2025,960360,EDS,48.3,Met,84.4,56,C
2025,960370,ALL,59.2,Met,76.8,63,C
2025,960370,BL7,33.8,Met,77.6,43,D
2025,960370,EDS,53.6,Met,77.9,58,C
2025,960372,ALL,67.2,Met,80.9,70,B
2025,960372,BL7,28.9,Met,82.6,40,D
2025,960372,EDS,58.9,Met,78.1,63,C
2025,960374,ALL,55,Met,81,60,C
2025,960374,BL7,47.6,Met,81.6,54,D
2025,960374,EDS,49.4,Met,77.9,55,C
2025,960380,ALL,51.5,Met,76.5,57,C
2025,960380,BL7,46.2,Met,80.3,53,D
2025,960380,EDS,50.5,Met,78.6,56,C
2025,960382,ALL,60.2,Exceeded,88.6,66,C
2025,960382,BL7,47.1,Met,81.9,54,D
2025,960382,EDS,56.9,Exceeded,86.4,63,C
2025,960386,ALL,65.1,Exceeded,100,72,B
2025,960386,BL7,64.7,Exceeded,91.2,70,B
2025,960386,EDS,63.7,Exceeded,100,71,B
2025,960387,ALL,56.1,Exceeded,90.1,63,C
2025,960387,BL7,50.3,Exceeded,87.6,58,C
2025,960387,EDS,55.5,Exceeded,86.5,62,C
2025,960388,ALL,43.7,Met,74.5,50,D
2025,960388,BL7,44.2,Met,80.6,51,D
2025,960388,EDS,35.8,Met,70.8,43,D
2025,960390,ALL,,,,36,F
2025,960390,BL7,,,,32,F
2025,960390,EDS,,,,34,F
2025,960450,ALL,56.6,Met,70.3,59,C
2025,960450,BL7,44.1,Met,76.3,51,D
2025,960450,EDS,51.7,Met,80.1,57,C
2025,960454,ALL,65.6,Met,81.3,69,C
2025,960454,BL7,56.7,Met,83,62,C
2025,960454,EDS,52.6,Met,82.1,59,C
2025,960490,ALL,86.3,Met,83.3,86,A
2025,960490,EDS,87.5,Met,82.5,87,A
2025,960492,ALL,86.4,Met,80,85,A
2025,960492,BL7,75.6,NotMet,69.9,74,B
2025,960492,EDS,82.8,Met,77.2,82,B
2025,960700,ALL,91.6,Met,81.4,90,A
2025,960700,BL7,93.3,Met,82.6,91,A
2025,960700,EDS,93,Exceeded,86.5,92,A
2025,96C000,ALL,28.8,Met,73.2,38,F
2025,96C000,BL7,28.3,Met,75.1,38,F
2025,96C000,EDS,26.8,Met,71.5,36,F
2025,96F000,ALL,44.5,Exceeded,87.3,53,D
2025,96F000,BL7,32.1,Met,81.6,42,D
2025,96F000,EDS,34.7,Exceeded,86.2,45,D
2025,96G000,ALL,44,NotMet,62.4,48,D
2025,96G000,BL7,35,Met,70.3,42,D
2025,96G000,EDS,41.4,NotMet,65.6,46,D
2025,970308,ALL,45.9,Met,83.1,53,D
2025,970308,EDS,35.5,Met,82.4,45,D
2025,970310,ALL,59.4,NotMet,61.6,60,C
2025,970310,EDS,50,NotMet,65.3,53,D
2025,970312,ALL,43.4,NotMet,61.5,47,D
2025,970312,EDS,37.3,NotMet,64.6,43,D
2025,970315,ALL,58.1,NotMet,57.1,58,C
2025,970315,BL7,35.9,,,36,F
2025,970315,EDS,50.9,NotMet,59.2,53,D
2025,970320,ALL,69.3,NotMet,59.8,67,C
2025,970320,EDS,59.9,NotMet,64.4,61,C
2025,970322,ALL,60.9,Met,71.6,63,C
2025,970322,EDS,49.6,Met,78.2,55,C
2025,970337,ALL,64.3,NotMet,66.6,65,C
2025,970337,EDS,53.6,Met,70.4,57,C
2025,970340,ALL,79.7,NotMet,62.8,76,B
2025,970340,EDS,72.8,NotMet,69,72,B
2025,970344,ALL,45.5,NotMet,58.7,48,D
2025,970344,EDS,33,NotMet,60.7,39,F
2025,970348,ALL,43.5,NotMet,66.9,48,D
2025,970348,EDS,39.4,NotMet,69.4,45,D
2025,970352,ALL,70.2,NotMet,67.3,70,B
2025,970352,EDS,64.4,Met,70.4,66,C
2025,970356,ALL,70.6,Exceeded,87.9,74,B
2025,970356,EDS,62,Met,84.2,66,C
2025,970358,ALL,56.7,NotMet,59.2,57,C
2025,970358,EDS,47.4,NotMet,64.1,51,D
2025,970360,ALL,44.5,Met,71.8,50,D
2025,970360,EDS,42.8,Met,71.6,49,D
2025,970368,ALL,61.1,Met,75.8,64,C
2025,970368,EDS,53.8,Met,77.2,58,C
2025,970370,ALL,50.3,Met,71.9,55,C
2025,970370,EDS,40.7,NotMet,67.3,46,D
2025,970376,ALL,51.5,Met,81,57,C
2025,970388,ALL,69.1,Met,81.7,72,B
2025,970388,EDS,59.8,Met,78.9,64,C
2025,970389,ALL,51.3,NotMet,56.9,52,D
2025,970389,EDS,42.8,NotMet,58.1,46,D
2025,970390,ALL,65.4,Met,77.9,68,C
2025,970390,BL7,36.7,,,37,F
2025,970390,EDS,59.8,Met,76.9,63,C
2025,970392,ALL,61.8,Exceeded,85,66,C
2025,970392,EDS,43.5,Met,77.8,50,D
2025,970393,ALL,90.3,Met,81.8,89,A
2025,970393,EDS,85,Met,83.7,85,A
2025,980308,ALL,48.2,Met,84.4,55,C
2025,980308,BL7,45.5,Met,83.2,53,D
2025,980308,EDS,47.5,Met,84.6,55,C
2025,980317,ALL,34.1,Exceeded,85.8,44,D
2025,980317,BL7,29.9,Exceeded,86,41,D
2025,980317,EDS,33.8,Met,83.2,44,D
2025,980318,ALL,54.4,Met,80.4,60,C
2025,980318,BL7,50.2,Met,78.4,56,C
2025,980318,EDS,50.9,Met,80.9,57,C
2025,980320,ALL,65.6,Met,84.3,69,C
2025,980320,BL7,55.3,Met,81.6,61,C
2025,980320,EDS,62.2,Met,82.1,66,C
2025,980324,ALL,66.4,Exceeded,85.6,70,B
2025,980324,BL7,46.3,Met,83.6,54,D
2025,980324,EDS,53.5,Exceeded,88.4,60,C
2025,980336,ALL,57.8,NotMet,68.9,60,C
2025,980336,BL7,49.7,Met,72.8,54,D
2025,980336,EDS,49.5,Met,70.1,54,D
2025,980338,ALL,51.7,Exceeded,94.3,60,C
2025,980338,BL7,49.1,Exceeded,94.9,58,C
2025,980338,EDS,47.6,Exceeded,95.2,57,C
2025,980340,ALL,73,Met,83.6,75,B
2025,980340,EDS,71.5,Met,82.6,74,B
2025,980342,ALL,60.9,NotMet,62.5,61,C
2025,980342,BL7,54,Met,73.8,58,C
2025,980342,EDS,51.4,NotMet,64.3,54,D
2025,980344,ALL,51.9,Met,81.6,58,C
2025,980344,BL7,41.8,Met,76.1,49,D
2025,980344,EDS,43.4,Met,78,50,D
2025,980348,ALL,60.9,Exceeded,85,66,C
2025,980348,EDS,61.5,Met,82.1,66,C
2025,980352,ALL,83,Exceeded,91.2,85,A
2025,980352,EDS,80.9,Exceeded,90.9,83,B
2025,980356,ALL,44.1,Exceeded,86.8,53,D
2025,980356,BL7,38.4,Exceeded,85.9,48,D
2025,980356,EDS,42.6,Exceeded,85.8,51,D
2025,980357,ALL,37.3,Met,77.1,45,D
2025,980357,BL7,32.2,Met,77.7,41,D
2025,980357,EDS,32.4,Met,77.7,41,D
2025,980360,ALL,84.5,Exceeded,85.3,85,A
2025,980360,BL7,77.3,Met,84.3,79,B
2025,980360,EDS,79.8,Met,82,80,B
2025,980364,ALL,82.9,Met,80.6,82,B
2025,980364,EDS,82.6,Met,81.3,82,B
2025,980380,ALL,53.5,Exceeded,86,60,C
2025,980380,BL7,46.6,Exceeded,87.2,55,C
2025,980380,EDS,51.2,Exceeded,85.8,58,C
2025,980384,ALL,71.5,NotMet,53.6,68,C
2025,980384,BL7,51.1,NotMet,67.8,54,D
2025,980384,EDS,66.5,NotMet,61,65,C
2025,980388,ALL,54.9,Exceeded,89.1,62,C
2025,980388,EDS,57.6,Exceeded,85.9,63,C
2025,980392,ALL,60.1,Met,82.6,65,C
2025,980392,BL7,56.5,Met,81.9,62,C
2025,980392,EDS,56.5,Met,80.9,61,C
2025,980396,ALL,57.3,Met,80.6,62,C
2025,980396,BL7,48.4,Met,82.1,55,C
2025,980396,EDS,52.8,Met,78.1,58,C
2025,980397,ALL,93,Exceeded,85.9,92,A
2025,980397,EDS,86.2,Exceeded,85.3,86,A
2025,980398,ALL,94.2,Exceeded,94.4,94,A
2025,980398,EDS,96.4,Exceeded,91.2,95,A
2025,980500,ALL,62.6,,,63,C
2025,980500,EDS,48.3,,,48,D
2025,98A000,ALL,83.7,Exceeded,98.7,87,A
2025,98A000,BL7,83.2,Exceeded,93.9,85,A
2025,98A000,EDS,81.4,Exceeded,95.2,84,B
2025,98B000,ALL,58.1,Exceeded,97.9,66,C
2025,98B000,BL7,53.4,Exceeded,98.1,62,C
2025,98B000,EDS,51.9,Exceeded,94.4,60,C
2025,990304,ALL,47.5,NotMet,57.3,49,D
2025,990304,EDS,41.2,NotMet,61.8,45,D
2025,990308,ALL,55.7,Met,75.9,60,C
2025,990308,EDS,52.1,Met,79.4,58,C
2025,990312,ALL,59.9,Met,75.5,63,C
2025,990312,EDS,54,Met,74.8,58,C
2025,990316,ALL,67.5,Met,76.4,69,C
2025,990316,EDS,62,Met,70.9,64,C
2025,990320,ALL,64,Met,81.8,68,C
2025,990320,EDS,48.6,Met,81.9,55,C
2025,990321,ALL,54.4,Met,80.1,60,C
2025,990321,EDS,47,Met,79,53,D
2025,990322,ALL,63.2,NotMet,57.7,62,C
2025,990322,EDS,55.7,NotMet,58.6,56,C
2025,990324,ALL,47.6,Exceeded,88.9,56,C
2025,990324,EDS,44.2,Exceeded,87.3,53,D
2025,990325,ALL,46.4,NotMet,52.6,48,D
2025,990325,EDS,40.3,NotMet,55.1,43,D
2025,990326,ALL,56.5,NotMet,55.1,56,C
2025,990326,EDS,54.5,NotMet,57.9,55,C
2025,990328,ALL,48.4,Met,78.8,54,D
2025,990328,EDS,42.9,Met,77.9,50,D
2025,990332,ALL,91.4,Met,81.5,89,A
2025,990332,EDS,88,Met,80.3,86,A
2025,990336,ALL,48.8,Met,72.6,54,D
2025,990336,EDS,44.6,Met,71.8,50,D
2025,995310,ALL,53.4,Met,73.6,57,C
2025,995310,EDS,48.4,Met,72.4,53,D
2025,995312,ALL,47.5,NotMet,64.3,51,D
2025,995312,EDS,41.1,NotMet,61.1,45,D
2025,995316,ALL,56.3,NotMet,68.3,59,C
2025,995316,EDS,40.2,NotMet,67.8,46,D
2025,995324,ALL,52.9,Met,80.4,58,C
2025,995324,EDS,42.7,Met,82.1,51,D
2025,995330,ALL,66.8,NotMet,52.1,64,C
2025,995330,EDS,56.3,NotMet,56.8,56,C
2025,995336,ALL,55.4,NotMet,63.8,57,C
2025,995336,EDS,43.6,NotMet,65.8,48,D
